MSZoning,Neighborhood,LotFrontage,LotArea,OverallQual,OverallCond,YearBuilt,YearRemodAdd,GrLivArea,FullBath,BedroomAbvGr,KitchenQual,GarageCars,GarageArea,Fireplaces,TotalBsmtSF,SalePrice
RL,NAmes,70.0,8400,5,6,1957,1957,1314,1,3,TA,1,294,0,1314,145000
RL,Gilbert,59.0,7837,6,7,1993,1994,1571,2,3,TA,2,380,1,799,178000
RL,Edwards,67.0,8777,5,7,1910,1950,796,1,2,TA,0,0,0,796,85000
RL,SWISU,60.0,7200,5,7,1937,1950,1768,1,3,Gd,1,240,2,731,175000
RL,SWISU,50.0,5000,5,6,1924,1950,1691,2,3,Gd,1,308,1,1026,127000
RL,CollgCr,70.0,9800,5,7,1972,1972,894,1,3,TA,2,552,0,894,149900
RL,Gilbert,122.0,11911,6,5,2005,2005,1560,2,3,Gd,2,400,1,684,174000
RM,IDOTRR,40.0,5436,4,8,1922,2007,1154,1,3,Gd,1,240,0,796,125500
RL,NWAmes,78.0,12090,6,6,1981,1981,1422,2,3,Gd,2,576,1,1422,175500
RL,Somerst,76.0,9158,8,5,2007,2007,1496,2,3,Gd,2,474,0,1496,225000
RL,Sawyer,70.0,8400,6,5,1966,1966,913,1,3,TA,1,240,0,814,129000
RL,NAmes,85.0,13400,5,5,1966,1966,1086,1,3,TA,2,484,1,1024,159950
RL,NWAmes,82.0,11880,7,5,1978,1978,1601,2,3,TA,2,478,1,1271,157000
RL,NAmes,85.0,13600,7,6,1965,1990,1986,2,3,TA,2,486,3,768,205000
RL,NWAmes,80.0,9600,7,5,1969,1969,1164,1,3,TA,2,528,0,1164,140000
RL,Gilbert,,8068,6,5,2002,2002,2267,2,4,Gd,2,390,1,1010,200000
RL,Crawfor,,21000,6,5,1953,1953,2259,2,3,Gd,2,450,2,1809,217000
RM,OldTown,49.0,8235,5,7,1955,1995,825,1,2,TA,2,720,0,825,125000
RL,Edwards,75.0,7950,6,6,1977,1977,1426,1,3,TA,2,440,0,690,159500
RL,Timber,47.0,12416,6,5,1986,1986,1651,2,3,TA,2,616,1,1606,184000
RL,Crawfor,55.0,10594,5,5,1926,1950,789,1,2,TA,1,200,0,768,96500
RL,NAmes,91.0,11643,5,5,1969,1969,2634,2,6,TA,4,968,0,1248,200000
RM,BrkSide,52.0,6240,5,6,1928,1950,1576,1,3,TA,1,225,1,1042,149000
RL,Gilbert,65.0,10237,6,5,2005,2007,1484,2,3,Gd,2,393,1,783,178900
RL,SawyerW,67.0,10083,7,5,2003,2003,1200,2,2,Gd,2,555,0,1176,184900
FV,Somerst,35.0,4251,7,5,2006,2007,1250,2,2,Gd,2,528,0,625,164700
RL,Crawfor,100.0,17500,7,8,1959,2002,1902,2,3,Ex,2,567,2,1902,335000
RL,NAmes,,8544,3,4,1949,1950,1040,2,2,TA,2,400,0,0,87500
RL,NridgHt,79.0,9541,7,5,2009,2009,1502,2,3,Gd,2,644,0,1502,233170
RL,Sawyer,,8544,5,6,1966,2006,1228,1,3,Gd,1,271,0,1228,149350
RL,NAmes,60.0,12144,5,7,1949,1950,1268,1,3,TA,1,288,1,832,133000
RL,Edwards,67.0,5604,5,6,1925,1950,864,1,2,TA,0,0,0,864,98000
RL,NWAmes,79.0,10240,6,6,1980,1980,1686,2,3,TA,2,612,1,1686,207500
RL,Sawyer,,9991,4,4,1976,1993,1620,2,3,TA,2,490,1,1281,150000
RL,Sawyer,,7252,5,5,1982,1982,858,1,2,TA,2,576,0,858,134900
FV,Somerst,60.0,7200,7,5,2006,2006,1301,2,2,Gd,2,572,1,1293,187750
RL,NAmes,128.0,12160,6,4,1953,1953,1505,1,2,TA,2,505,1,1505,149500
RL,NAmes,71.0,9353,4,5,1970,1970,864,1,3,TA,1,280,0,864,116050
RL,SawyerW,64.0,7018,5,5,1979,1979,1224,0,2,TA,2,528,2,1086,153337
RL,Sawyer,,13284,5,5,1954,1954,1383,1,3,TA,1,354,1,1383,165000
RL,Mitchel,60.0,6600,5,9,1982,2008,816,1,3,Gd,1,264,1,816,130500
RM,Mitchel,78.0,7060,7,5,1997,1998,1344,2,2,TA,4,784,0,1344,206300
FV,Somerst,34.0,3604,7,5,2007,2007,1392,2,2,Gd,2,540,0,689,146000
RL,NAmes,80.0,8892,5,5,1960,1960,1065,1,3,TA,2,461,0,1065,126500
RL,Crawfor,53.0,5362,5,6,1910,2003,1250,2,3,TA,2,552,1,661,139000
RM,OldTown,33.0,4456,4,5,1920,2008,1452,2,2,TA,0,0,0,736,113000
RL,Edwards,60.0,9600,6,5,1924,1950,1096,1,2,TA,0,0,0,572,79000
FV,Somerst,95.0,11639,7,5,2007,2008,1428,2,3,Gd,2,480,0,1428,182000
RL,Gilbert,,8000,6,5,1995,1996,1658,2,3,TA,2,431,1,773,188000
RL,NAmes,60.0,7200,5,8,1950,2002,864,1,3,Gd,2,720,0,864,129000
RH,SWISU,,7082,5,8,1916,1995,1928,2,5,TA,0,0,0,686,160000
RL,NAmes,80.0,8400,6,9,1962,2005,1537,1,3,Gd,2,462,1,1319,174000
RL,Gilbert,58.0,14054,7,5,2006,2006,1863,2,4,Gd,3,660,1,879,219210
FV,Somerst,85.0,11003,10,5,2008,2008,2007,2,3,Ex,3,812,1,1017,310000
RL,NridgHt,72.0,11846,9,5,2003,2004,1792,2,2,Ex,3,874,1,1792,374000
RM,OldTown,60.0,8520,5,6,1923,2006,968,1,2,TA,2,480,0,968,100000
RL,NWAmes,,11029,6,7,1968,1984,2654,2,4,Gd,2,619,1,1054,250000
RL,Sawyer,,10246,4,9,1965,2001,960,0,0,TA,1,364,0,648,145000
RM,OldTown,75.0,13500,10,9,1893,2000,2775,3,3,Gd,2,880,1,1237,325000
RL,NridgHt,105.0,13693,9,5,2006,2006,2643,2,3,Ex,3,694,1,2153,380000
RM,Crawfor,44.0,3842,8,5,2004,2005,1646,2,2,Gd,2,482,1,1594,275000
RL,SawyerW,,11200,6,5,1985,1985,1298,2,3,Gd,2,403,1,1298,180000
RL,CollgCr,64.0,10475,8,5,2008,2008,1694,2,3,Gd,3,776,0,1694,245350
RL,NAmes,,12772,6,8,1960,1998,958,1,2,TA,1,301,0,958,151500
RL,NAmes,69.0,10205,5,5,1962,1962,999,1,3,TA,1,300,0,925,134500
RL,Sawyer,54.0,6342,5,8,1875,1996,1020,1,2,TA,0,0,0,780,94000
FV,Somerst,,7500,7,5,2000,2000,1674,2,3,Gd,2,663,0,814,216000
RL,NoRidge,91.0,10437,8,6,1995,1995,2113,2,2,Gd,3,839,1,2109,350000
RL,NWAmes,,12046,6,6,1976,1976,2030,2,4,Gd,2,551,1,848,195000
RL,SawyerW,75.0,10762,6,6,1980,1980,1217,1,3,TA,1,288,1,626,120000
RL,CollgCr,,9375,8,5,2002,2002,2169,2,3,Gd,2,647,1,1284,228500
RL,NoRidge,,29959,7,6,1994,1994,1850,2,3,Gd,2,467,1,973,248000
RL,NAmes,71.0,9204,5,5,1963,1963,1144,1,3,TA,1,336,0,1144,124000
RL,Blmngtn,43.0,3182,7,5,2005,2006,1504,2,2,Gd,2,437,1,1346,191000
RL,NWAmes,78.0,10140,6,6,1974,1999,1309,1,3,Gd,2,484,1,1040,181000
RL,Edwards,60.0,9060,6,5,1939,1950,1258,1,2,TA,1,280,0,560,105000
RL,NAmes,,12342,5,5,1960,1978,1422,1,3,TA,1,286,1,978,139900
RL,NAmes,75.0,9750,6,6,1958,1958,1442,1,4,TA,1,301,0,1442,157900
RL,Edwards,70.0,11767,5,6,1946,1995,1200,1,3,TA,1,240,0,768,130500
RL,Gilbert,,8121,6,5,2000,2000,1664,2,3,TA,2,460,1,953,172400
RL,NAmes,60.0,7134,5,5,1955,1955,1360,1,3,TA,2,572,1,384,130000
RL,Gilbert,74.0,9056,8,5,2004,2004,1414,2,3,Gd,2,403,1,707,178000
RL,NWAmes,,9790,6,5,1967,1967,1342,2,3,TA,2,457,1,1372,161500
RM,OldTown,65.0,7800,5,7,1939,1950,1118,1,3,TA,2,410,1,793,119900
RL,Crawfor,80.0,16560,6,8,1932,1950,2345,2,4,TA,2,360,1,952,239000
RL,NWAmes,105.0,11751,6,6,1977,1977,1844,2,3,TA,2,546,1,1844,190000
RM,BrDale,21.0,1680,6,5,1971,1971,987,1,2,TA,1,264,0,483,85400
RL,NWAmes,,10603,6,7,1977,2001,1610,2,3,Gd,2,480,2,1610,205000
RL,Mitchel,71.0,9187,6,5,1983,1983,1080,1,3,TA,2,484,0,1084,134000
RL,Mitchel,,32463,4,4,1961,1975,1622,1,3,TA,4,1356,1,1249,168000
RL,Gilbert,70.0,11207,6,5,1997,1997,1511,2,3,TA,2,413,1,802,185000
RL,NAmes,,14112,5,7,1964,1964,1152,1,3,TA,2,484,1,1152,180500
RM,IDOTRR,75.0,13710,5,5,1950,1950,1558,1,4,TA,1,282,0,910,152000
RL,SawyerW,80.0,9554,8,5,1993,1994,1911,2,3,Gd,2,471,1,777,215000
RL,NAmes,64.0,8712,5,7,1957,2000,1306,1,2,TA,1,756,0,992,153000
RM,OldTown,90.0,8100,5,5,1898,1965,2138,2,2,TA,2,360,0,849,106000
FV,Somerst,102.0,11143,8,5,2004,2005,2466,3,4,Gd,2,610,1,1580,340000
RL,NAmes,77.0,9786,6,7,1962,1981,1734,1,3,Gd,2,440,1,912,159000
RM,BrkSide,50.0,6000,6,7,1929,1950,1158,1,3,TA,1,208,1,862,120000
RL,Mitchel,100.0,21750,5,4,1960,2006,1771,1,3,TA,2,336,1,0,115000
RL,NPkVill,,4928,6,5,1976,1976,958,2,2,TA,2,440,1,1078,128000
RL,NridgHt,90.0,11694,9,5,2007,2007,1828,2,3,Gd,3,774,1,1822,314813
RL,Edwards,60.0,11409,5,4,1949,2008,1716,1,3,TA,1,281,1,768,131000
RL,NridgHt,67.0,14948,9,5,2008,2008,2713,2,3,Ex,3,858,1,1452,446261
RM,BrkSide,52.0,6240,6,6,1931,1950,1367,1,3,TA,1,560,1,884,127500
RM,OldTown,50.0,2500,7,8,1915,2005,1826,1,4,Ex,1,164,1,910,155000
RL,CollgCr,105.0,11249,6,5,1995,1995,1200,2,3,Gd,2,521,0,1200,177500
RM,OldTown,,12358,5,6,1941,1950,1382,1,2,TA,2,660,0,720,128500
RL,Gilbert,51.0,8029,6,5,2005,2005,1456,2,3,Gd,2,400,0,728,176000
RL,NoRidge,52.0,46589,8,7,1994,2005,2448,2,4,Gd,3,711,1,1629,402000
RH,SWISU,55.0,8525,5,6,1911,1950,1964,1,4,TA,0,0,0,940,130000
RL,NAmes,75.0,8250,6,7,1964,1964,1092,1,3,TA,2,504,0,1092,145000
RL,NAmes,80.0,9600,5,7,1950,2007,1113,1,3,Gd,1,264,1,1113,147000
RL,NAmes,70.0,10500,4,5,1971,1971,864,1,3,TA,0,0,1,864,115000
RL,Gilbert,60.0,7500,7,5,1999,1999,1804,2,3,Gd,2,442,1,994,189000
RL,Mitchel,100.0,25000,5,4,1967,1967,1632,2,4,TA,2,576,0,1632,143000
RL,NWAmes,90.0,10800,6,7,1974,1997,2614,2,4,TA,2,624,1,1522,240000
RL,NridgHt,34.0,5001,7,5,2007,2008,1314,2,2,Gd,2,626,1,1314,230000
RL,NoRidge,107.0,10186,7,5,1992,1992,1923,2,3,Gd,2,564,1,750,190000
RL,CollgCr,70.0,8400,7,5,2004,2005,1484,2,3,Gd,2,606,0,1473,213000
RL,BrkSide,50.0,5330,4,7,1940,1950,708,1,2,Fa,0,0,0,420,82500
RL,NridgHt,76.0,9591,8,5,2004,2005,1713,2,3,Ex,3,856,1,1713,274900
RL,NAmes,70.0,7931,5,6,1960,1960,1269,1,3,TA,1,308,1,1269,155000
RL,Somerst,49.0,20896,8,5,2005,2006,2097,1,1,Ex,3,1134,1,2077,423000
RL,CollgCr,120.0,9560,5,7,1972,1972,864,1,3,TA,1,288,0,864,128500
RL,NridgHt,96.0,11308,9,5,2008,2008,2184,2,3,Ex,3,836,1,1104,335000
RL,NoRidge,89.0,12461,8,5,1994,1995,1624,2,2,Gd,3,757,1,1624,262000
RL,Sawyer,70.0,11200,5,5,1965,1965,1040,1,3,TA,1,384,0,1040,129500
RL,Gilbert,,9505,7,5,2001,2001,2035,2,3,Gd,2,434,1,884,222500
RL,Veenker,30.0,9549,8,5,1995,1996,1494,1,2,Ex,2,481,1,1494,270000
RL,NridgHt,34.0,5063,7,5,2007,2008,1314,2,2,Gd,2,626,1,1314,207500
RL,NWAmes,90.0,11700,6,6,1968,1968,1743,1,3,TA,2,539,1,702,175000
RL,SawyerW,103.0,13125,7,5,1991,1991,2127,2,4,Gd,3,833,1,1104,238000
RL,SWISU,55.0,5687,5,6,1912,2000,1716,2,6,Fa,0,0,0,780,135900
RL,NridgHt,44.0,6371,7,5,2009,2010,1358,2,2,Gd,2,484,1,1358,224000
RL,Gilbert,76.0,9967,7,5,2000,2000,1430,2,3,TA,2,400,1,384,170000
FV,Somerst,62.0,7500,7,5,2004,2005,1221,2,2,Gd,2,400,0,1221,185000
FV,Somerst,75.0,9375,7,5,2003,2004,2094,2,4,Gd,2,615,1,912,263000
RL,Sawyer,60.0,8281,5,5,1965,1965,864,1,3,TA,1,360,1,864,62383
RL,NAmes,69.0,8973,5,7,1958,1991,1053,1,3,Ex,2,750,0,1008,150000
RL,Sawyer,,16647,5,5,1975,1981,1701,2,3,TA,2,611,2,1390,171000
RL,NAmes,70.0,8176,5,6,1958,1992,1056,1,3,TA,1,308,0,1056,139000
RM,OldTown,49.0,5820,3,8,1955,2005,1163,1,3,TA,1,220,0,1162,126175
FV,Somerst,65.0,8125,7,6,2007,2007,1665,2,3,Gd,2,562,0,813,205950
RL,Edwards,67.0,12354,6,8,1920,2000,1196,1,3,Gd,2,528,0,684,110000
RL,NridgHt,104.0,13518,9,5,2008,2009,3140,3,4,Ex,3,820,2,1926,485000
RL,NWAmes,80.0,10400,7,6,1970,1970,1682,2,3,TA,2,530,1,1304,174000
RM,Edwards,35.0,3675,5,5,2005,2005,1072,1,2,TA,2,525,0,547,145000
FV,Somerst,72.0,8640,7,5,2009,2009,1547,2,3,Gd,2,614,0,756,215200
RL,Somerst,84.0,11670,9,5,2006,2006,1905,2,3,Ex,3,788,1,1905,320000
RL,CollgCr,43.0,10667,7,6,1996,1996,1661,2,3,Gd,2,550,1,799,212000
RL,NAmes,82.0,9020,6,5,1964,1964,1350,1,3,TA,2,520,0,1248,168500
RL,SawyerW,70.0,11218,6,5,1992,1992,1845,2,3,Gd,2,462,1,1055,189000
RL,Sawyer,85.0,13825,5,6,1958,1987,1601,1,3,TA,1,300,0,533,140000
RL,Gilbert,,13031,6,5,1995,1996,1498,2,3,TA,2,409,1,691,187500
FV,Somerst,100.0,12552,7,5,2004,2005,1947,2,3,Gd,2,678,1,991,254900
RL,NAmes,,7390,5,7,1955,1955,1098,1,3,TA,1,260,0,1098,135000
RL,NAmes,65.0,9750,6,8,1969,1969,1054,1,3,TA,2,460,0,1054,151000
RM,OldTown,50.0,6000,5,6,1957,1957,928,1,3,TA,1,288,0,928,112500
RL,BrkSide,60.0,9120,7,6,1925,1950,1820,2,4,TA,1,240,0,1026,184000
RL,SWISU,102.0,15863,7,3,1920,1970,3082,2,5,TA,2,672,2,824,197000
RL,ClearCr,,11250,4,5,1957,1989,1788,1,5,TA,1,304,2,1104,161500
RM,OldTown,60.0,7200,5,4,1910,2006,1022,1,2,TA,1,280,0,1022,85000
RL,CollgCr,68.0,8814,7,5,2005,2007,1274,2,3,Gd,2,508,0,1274,203000
RL,StoneBr,77.0,11198,9,5,2005,2007,2504,2,4,Ex,3,656,1,1122,325000
RL,CollgCr,,11050,9,5,2000,2000,2153,2,3,Ex,3,736,2,1440,313000
RL,CollgCr,75.0,9473,8,5,2002,2002,2031,2,3,Gd,2,577,1,1128,237000
RL,BrkSide,60.0,13515,6,6,1919,1950,1824,1,3,TA,2,520,1,764,180500
RL,NAmes,,11425,5,6,1954,1954,1008,1,2,TA,1,275,1,1008,137000
RL,Crawfor,40.0,4280,5,6,1913,2002,694,1,2,Gd,1,352,1,440,90350
RL,Mitchel,55.0,12640,6,5,1976,1976,1728,2,4,TA,2,574,0,1728,150900
RL,CollgCr,78.0,10264,7,5,1999,1999,1588,2,3,Gd,2,472,0,1588,214000
RL,Sawyer,,11341,5,6,1957,1996,1392,1,3,TA,2,528,1,1392,121500
RL,NoRidge,160.0,15623,10,5,1996,1996,4476,3,4,Ex,3,813,2,2396,745000
RL,NWAmes,92.0,11952,7,6,1977,1977,1969,2,3,TA,2,534,1,808,190000
RL,Blmngtn,43.0,3182,7,5,2005,2006,1504,2,1,Gd,2,457,1,1346,181000
RL,Edwards,68.0,9571,5,3,1958,1958,1276,1,3,TA,1,350,0,1276,60000
RL,CollgCr,122.0,11923,9,5,2007,2007,1800,2,2,Ex,2,702,0,1800,239000
RL,Edwards,81.0,11841,6,5,1990,1990,816,1,3,TA,0,0,0,816,118500
RL,NAmes,60.0,7200,5,7,1950,1950,1040,1,2,TA,2,625,0,0,109500
RL,CollgCr,88.0,7990,5,6,1975,1975,924,1,3,TA,1,280,0,924,110000
RL,NAmes,59.0,7227,6,6,1954,1954,832,1,2,Gd,2,528,0,832,105500
RL,Gilbert,,11214,7,5,1998,1999,1886,2,4,Gd,2,431,1,930,199900
RL,SawyerW,90.0,14684,7,7,1990,1991,2196,2,3,Gd,3,701,1,2158,271900
RL,Sawyer,75.0,11625,5,4,1965,1965,1039,1,3,TA,2,504,0,1039,131500
RL,Sawyer,115.0,21286,5,5,1948,1950,1271,2,4,TA,1,312,1,720,135000
RL,Edwards,50.0,8405,5,8,1900,1950,1367,1,4,TA,1,384,0,861,119000
RL,NWAmes,46.0,20544,7,6,1986,1991,2093,2,3,TA,2,542,1,791,215000
RL,CollgCr,36.0,15523,5,6,1972,1972,864,1,3,TA,1,338,1,864,133500
RL,SWISU,50.0,9638,6,7,1919,1990,2447,2,4,Gd,1,336,1,804,169000
RL,NAmes,80.0,8800,6,7,1963,1963,1054,1,3,Gd,2,480,0,936,137500
RL,Mitchel,70.0,8402,5,5,2007,2007,1120,1,3,TA,0,0,0,1120,147000
RL,Somerst,73.0,8688,7,5,2005,2005,1616,2,3,Gd,3,834,0,1616,232000
RL,NAmes,79.0,10289,5,7,1965,1965,1073,1,3,TA,2,515,0,1073,156000
RL,Mitchel,77.0,10010,5,5,1974,1975,1389,1,2,TA,2,418,1,1389,170000
RL,Edwards,,12342,4,5,1940,1950,861,1,1,TA,2,539,0,861,82500
RL,SWISU,60.0,7200,7,9,1936,2007,1135,1,3,Gd,2,576,0,560,155000
RL,CollgCr,77.0,9965,8,5,2006,2007,2828,3,4,Gd,3,1052,1,1466,424870
RL,StoneBr,39.0,5389,8,5,1995,1996,1616,2,2,Gd,2,608,1,1595,236500
RL,Veenker,90.0,10768,5,8,1976,2004,1437,2,3,Gd,2,528,1,1437,218000
RL,CollgCr,75.0,9750,7,5,2000,2001,1630,2,3,Gd,2,451,1,1630,213000
RL,Timber,85.0,14331,8,5,2002,2002,1800,2,3,Gd,3,765,1,1800,312500
RL,Veenker,80.0,9600,6,7,1976,1994,1855,2,3,TA,2,512,1,528,187000
RL,Gilbert,,24682,6,5,1999,1999,1675,2,3,TA,2,502,1,841,181000
RL,SawyerW,76.0,10142,7,5,2004,2004,2084,2,4,Gd,2,618,0,956,233000
RL,Edwards,60.0,9084,5,6,1941,1950,1111,1,3,TA,1,200,0,616,95000
RL,BrkSide,56.0,4130,3,6,1935,2003,729,1,2,TA,0,0,0,270,52000
RL,NWAmes,48.0,17043,6,5,1979,1998,1586,2,3,TA,2,435,1,1362,181000
RL,StoneBr,63.0,17423,9,5,2008,2009,2234,2,1,Ex,3,1166,1,2216,501837
RL,NAmes,,8125,4,4,1971,1971,858,1,3,TA,0,0,0,858,88000
RL,Mitchel,,8780,5,5,1985,1985,833,1,3,TA,0,0,0,833,112000
RL,NAmes,70.0,7763,5,7,1962,1980,1283,1,3,TA,2,506,0,931,140000
RL,NAmes,80.0,9600,6,5,1953,1953,1644,1,3,TA,2,418,2,1416,167000
RL,NAmes,80.0,11600,6,5,1960,1960,1383,1,3,TA,1,292,0,1383,145250
RL,NWAmes,85.0,13175,6,6,1978,1988,2073,2,3,TA,2,500,2,1542,210000
RM,OldTown,60.0,10440,5,8,1904,2002,1539,2,3,Gd,2,686,1,650,157500
RL,CollgCr,84.0,10084,7,5,2005,2006,1552,2,3,Gd,3,782,0,1552,212900
RL,NAmes,70.0,9100,5,6,1965,1965,925,1,2,TA,1,429,0,925,117500
RL,CollgCr,65.0,8773,7,5,2004,2004,1414,2,3,Gd,2,494,0,1414,185500
C (all),IDOTRR,105.0,8470,3,2,1915,1982,1526,1,2,Fa,0,0,0,1013,85000
RL,NAmes,70.0,8393,5,5,1959,2005,1712,2,4,TA,2,588,0,1626,145000
RL,NridgHt,87.0,11146,8,5,2006,2006,1717,2,3,Gd,3,908,1,1709,255500
RM,OldTown,50.0,9000,5,6,1880,1991,1750,1,3,Ex,1,240,0,636,124000
RM,BrkSide,50.0,6000,6,9,1937,2000,1176,1,2,TA,2,624,0,698,134900
RL,Gilbert,106.0,11194,8,5,2000,2000,1936,2,3,Gd,2,504,1,1406,230500
RL,NAmes,,7340,4,6,1971,1971,858,1,2,TA,1,684,0,858,110000
RL,CollgCr,120.0,15611,8,5,2006,2006,1919,2,3,Gd,2,685,1,1079,233230
RM,OldTown,60.0,7200,7,7,1920,1950,1762,1,4,Gd,2,576,0,596,157000
RL,NAmes,74.0,13101,5,5,1965,1965,1728,2,6,TA,2,576,0,1728,142600
RL,NridgHt,36.0,2448,7,5,2003,2004,1626,2,2,Gd,2,474,0,764,154000
RL,Gilbert,58.0,17104,7,5,2006,2006,1496,2,3,Gd,2,426,1,654,179665
RL,SWISU,52.0,6292,6,5,1930,1950,790,1,2,TA,1,160,0,768,91000
RL,NWAmes,,12384,7,7,1976,1976,1935,2,3,TA,2,550,1,793,197900
RL,NWAmes,80.0,10480,7,6,1976,1976,1964,2,4,TA,2,483,1,803,205000
RM,OldTown,,5100,8,7,1925,1996,1666,1,3,Gd,1,228,1,588,161000
RL,CollgCr,65.0,8385,5,8,1977,1977,985,2,3,TA,1,328,0,985,149900
RM,NridgHt,59.0,8198,7,5,2004,2004,1358,2,2,Gd,2,484,1,1358,207000
RM,CollgCr,,4426,6,5,2004,2004,848,1,1,Gd,2,420,0,848,143000
RL,NridgHt,86.0,11065,8,5,2006,2006,1970,2,3,Ex,3,753,1,1085,281000
RL,StoneBr,80.0,11844,8,5,2008,2008,2046,2,3,Gd,3,834,1,2046,372500
RL,CollgCr,,10316,7,5,2000,2000,1865,2,3,Gd,3,839,1,992,235000
RL,BrkSide,,11888,6,6,1916,1994,2134,2,5,Gd,2,441,0,844,214500
RL,NoRidge,90.0,9900,7,5,1993,1993,2646,2,4,Gd,3,656,1,1347,260000
RM,OldTown,90.0,7407,6,7,1957,1996,1236,1,2,TA,2,923,0,912,149700
RL,Mitchel,,8885,5,5,1983,1983,902,1,2,TA,2,484,0,864,131000
RL,Sawyer,,12968,5,6,1962,1962,912,1,2,TA,1,352,0,912,144000
RL,NAmes,141.0,31770,6,5,1960,1960,1656,1,3,TA,2,528,2,1080,215000
RL,NAmes,120.0,19296,6,5,1962,1962,1382,1,3,TA,2,884,1,1362,176000
RH,SawyerW,60.0,8400,5,5,1977,1977,2020,2,4,TA,2,630,2,0,144000
RL,ClearCr,80.0,8816,6,7,1971,1971,1052,1,3,TA,2,440,0,1010,155000
RL,NoRidge,65.0,12257,8,5,1995,1995,2531,2,4,Gd,3,752,1,1318,290000
RL,CollgCr,73.0,9066,8,5,1999,2000,1852,2,3,Gd,3,660,2,1004,230000
RL,Somerst,85.0,10182,8,5,2006,2006,1660,2,3,Gd,2,500,1,1660,290000
FV,Somerst,50.0,5119,9,5,1999,2000,1709,2,2,Gd,2,506,1,1698,328900
RL,Sawyer,65.0,6768,6,8,1961,1996,912,1,3,Gd,1,288,0,912,142000
RL,CollgCr,65.0,15426,6,5,1997,1997,1764,2,3,Gd,2,470,0,928,231500
RL,NWAmes,,12936,6,6,1972,1972,1395,1,3,TA,2,497,1,723,162000
RL,Sawyer,75.0,7500,5,5,1963,1963,1040,1,3,TA,1,308,0,1040,133000
RL,NridgHt,103.0,13472,10,5,2003,2003,2392,2,3,Ex,3,968,1,2392,386250
RM,OldTown,50.0,6000,6,6,1925,1980,1103,1,2,Gd,2,440,1,1103,110500
FV,Somerst,85.0,10800,8,5,2007,2008,2078,2,3,Ex,3,836,1,1034,339750
RM,IDOTRR,50.0,5000,5,6,1941,1950,803,1,2,TA,2,360,0,720,87000
RL,Crawfor,80.0,14000,6,8,1950,2004,1152,1,3,Gd,1,300,1,1092,158500
RL,NWAmes,85.0,10625,7,6,1974,1974,1173,2,3,Gd,2,528,2,1053,170000
RM,IDOTRR,70.0,5600,4,5,1930,1950,1092,2,3,Fa,0,0,0,0,55000
RL,Crawfor,96.0,13132,5,5,1914,1950,1784,1,4,TA,1,180,0,747,138887
RL,NWAmes,102.0,10192,7,6,1968,1992,1920,3,4,Gd,2,487,1,570,170000
RL,Gilbert,50.0,14859,7,5,2006,2006,1670,2,3,Gd,3,690,1,1670,240000
FV,Somerst,24.0,2544,7,5,2005,2005,1223,2,2,Gd,2,480,0,600,147400
RL,Crawfor,100.0,15602,7,8,1959,1997,1801,2,1,TA,2,484,2,1501,289000
RL,NWAmes,87.0,9246,5,5,1973,1973,1656,2,4,TA,2,506,0,1656,135000
RL,Crawfor,60.0,9550,7,5,1915,1970,1717,1,3,Gd,3,642,1,756,140000
RL,NoRidge,108.0,14774,9,5,1999,1999,2599,2,4,Gd,3,779,1,1393,333168
RL,NAmes,79.0,9480,5,7,1942,1995,1644,1,3,Gd,1,312,2,728,146500
RL,NridgHt,99.0,12099,8,5,2004,2004,2468,2,4,Gd,3,872,1,1136,354000
RL,Mitchel,85.0,14115,5,5,1993,1995,1362,1,1,TA,2,480,0,796,143000
RL,Timber,64.0,9037,8,5,2006,2006,1484,2,2,Ex,2,472,1,1476,265900
RL,NAmes,71.0,9230,5,8,1965,1998,1200,1,1,Gd,2,884,0,864,146000
RL,NWAmes,78.0,10140,6,5,1974,1974,1350,2,3,TA,2,478,1,1064,165000
RL,Edwards,65.0,6040,4,5,1955,1955,1152,2,2,Fa,0,0,0,0,82000
RL,NWAmes,78.0,10140,7,5,1998,1999,1680,2,3,Gd,2,583,1,1650,213250
RM,OldTown,63.0,5000,5,4,1900,1950,1440,1,3,TA,1,352,0,540,79000
RL,NAmes,,10355,5,5,1967,1967,1214,2,3,TA,1,318,1,1214,143000
RL,Sawyer,,13517,6,8,1976,2005,1479,2,3,Gd,2,475,0,725,130500
RL,Gilbert,72.0,10463,8,5,2005,2005,1801,2,3,Gd,3,800,1,893,239900
RL,Crawfor,,7500,6,7,1942,1950,1494,1,3,Gd,1,213,2,771,177500
RL,SawyerW,86.0,11839,7,5,1990,1990,2329,2,4,Gd,2,514,1,1475,262280
RL,Somerst,85.0,10000,8,5,2006,2006,1588,2,3,Gd,3,825,1,1588,227000
RL,NAmes,79.0,8910,6,6,1959,1959,1194,1,3,TA,2,539,1,655,159500
RL,CollgCr,79.0,9236,6,5,1997,1997,1494,2,3,Gd,2,576,0,1479,217000
RL,NoRidge,56.0,14720,8,5,1995,1996,3238,2,4,Gd,3,666,1,2033,410000
RL,CollgCr,57.0,8846,5,5,1996,1996,914,1,2,TA,2,576,0,870,148000
RM,OldTown,60.0,9600,7,7,1925,1990,1641,1,3,Ex,2,546,1,728,178000
RM,BrkSide,52.0,6240,5,7,1930,1992,1573,2,3,TA,2,360,1,1078,162900
RL,NWAmes,,14115,7,5,1980,1980,1472,2,3,TA,2,588,2,1372,187500
RL,Mitchel,75.0,12508,6,7,1940,1985,1750,2,4,TA,1,423,0,983,160000
RL,CollgCr,68.0,10769,8,5,2007,2007,1768,2,3,Gd,2,578,0,866,212000
RL,NAmes,72.0,9000,6,5,1956,1956,1196,1,2,TA,1,297,1,1196,139000
RL,Edwards,67.0,8777,4,5,1949,2003,1126,2,2,Gd,2,520,0,0,108000
RL,Edwards,,11500,4,3,1957,1957,845,1,3,TA,1,290,0,0,84000
RL,Mitchel,,11075,5,4,1969,1969,1968,2,4,TA,2,530,1,784,172000
RL,Edwards,60.0,9738,5,7,1924,1950,1221,1,4,TA,1,392,0,784,104900
RM,OldTown,60.0,3600,6,7,1910,1993,1368,1,3,TA,1,216,0,684,114504
RM,BrDale,21.0,1869,6,6,1970,1970,987,1,2,TA,1,280,0,483,106000
RL,SawyerW,114.0,10357,7,5,1990,1991,1442,2,3,Gd,2,719,1,910,179900
RL,Edwards,67.0,8877,4,5,1951,1951,1220,1,2,TA,2,396,0,836,102000
RL,CollgCr,63.0,8487,7,5,2004,2004,1500,2,3,Gd,2,570,0,1500,190000
RL,NoRidge,,16545,8,5,1998,1998,2450,2,3,Gd,3,1069,1,1284,340000
RL,NAmes,,19900,7,5,1970,1989,2207,2,3,TA,2,576,1,1947,180000
RL,CollgCr,64.0,6762,7,5,2006,2006,1208,2,2,Gd,2,632,0,1187,206000
RM,OldTown,81.0,12150,5,5,1954,1954,1795,2,4,TA,1,352,0,1050,131500
RL,Edwards,42.0,7711,4,3,1977,1977,1440,2,4,TA,0,0,0,1440,150000
RL,Edwards,83.0,10420,6,5,2009,2009,1212,2,3,Gd,2,460,0,1212,186000
RM,OldTown,,5700,7,7,1926,1950,1111,1,2,TA,1,288,1,572,116900
RL,NWAmes,,8963,8,9,1976,1996,2715,3,4,Gd,2,831,2,1142,299800
RL,CollgCr,57.0,8924,7,5,1998,1999,1724,2,3,Gd,2,527,0,880,188000
RL,NWAmes,,9790,6,5,1963,1963,1328,1,3,TA,2,528,2,1328,143000
RL,NAmes,70.0,8400,5,5,1968,1968,1052,1,3,TA,1,288,0,1052,138500
RL,NoRidge,121.0,16059,8,5,1991,1992,2417,2,4,Gd,2,462,1,1288,260000
RL,Edwards,60.0,8190,4,6,1954,1954,948,1,3,TA,1,280,1,948,119000
RL,BrkSide,60.0,11414,7,8,1910,1993,2019,1,3,Gd,2,532,0,728,167500
RL,BrkSide,51.0,5900,4,7,1923,1958,869,1,2,Fa,0,0,0,440,85500
RL,NridgHt,34.0,4590,8,5,2006,2006,1554,2,2,Gd,2,627,1,1554,209500
RL,NAmes,85.0,11075,6,5,1969,1969,2112,2,4,TA,2,576,2,952,206900
RL,Sawyer,,25339,5,7,1918,2007,1416,2,3,Gd,2,576,0,816,112000
RL,Gilbert,62.0,7415,6,5,2004,2004,1593,2,3,TA,2,398,1,839,193000
RL,NWAmes,78.0,9360,6,7,1972,2006,1381,1,3,Gd,2,676,1,1161,197500
RL,NAmes,80.0,9600,6,6,1958,1988,1632,2,3,TA,1,338,1,1240,139000
RL,Crawfor,50.0,6305,5,7,1938,1950,954,1,2,Fa,1,240,1,920,119750
RL,Edwards,64.0,7301,7,5,2003,2003,1922,3,4,Gd,2,672,1,0,198500
RL,Sawyer,71.0,7064,5,6,1977,1977,980,1,3,TA,2,484,0,980,135000
RL,CollgCr,68.0,11250,7,5,2001,2002,1786,2,3,Gd,2,608,1,920,223500
RL,Somerst,75.0,10084,8,5,2004,2005,1694,2,3,Gd,2,636,1,1686,307000
RL,NAmes,50.0,8000,6,6,1948,2002,972,1,2,TA,1,240,1,972,132000
RL,Sawyer,,14175,5,6,1956,1987,1437,1,3,TA,2,576,1,1188,168000
RL,CollgCr,,9240,8,5,2001,2002,2263,2,3,Gd,2,905,1,1055,287000
RL,NWAmes,80.0,11584,7,6,1979,1979,1725,2,3,TA,2,550,1,539,197000
RL,NAmes,72.0,10011,5,6,1957,1996,1236,1,2,Gd,1,447,1,1070,134450
RL,NAmes,70.0,7560,5,5,1959,1959,1040,1,3,TA,1,286,0,1040,133700
RL,NridgHt,98.0,11478,8,5,2007,2008,1704,2,3,Gd,3,772,1,1704,306000
RL,NWAmes,104.0,11361,6,5,1976,1976,1523,2,3,TA,2,478,1,1193,180000
FV,Somerst,81.0,11216,8,5,2006,2006,1489,2,3,Gd,2,776,1,1489,232600
RL,Blmngtn,51.0,3635,7,5,2007,2007,1569,2,1,Gd,3,660,1,1386,175900
RL,CollgCr,70.0,9100,7,5,2001,2001,1212,2,3,Gd,2,573,0,1212,178000
RL,CollgCr,67.0,9808,7,5,2002,2002,1573,2,3,Gd,2,544,0,1573,227000
RL,NWAmes,80.0,10400,6,5,1972,1972,1790,1,4,TA,2,484,1,732,165150
RL,BrkSide,144.0,21384,5,6,1923,2004,1576,1,3,Gd,2,528,1,1324,223500
FV,Somerst,64.0,8791,6,5,2003,2003,1728,2,3,Gd,2,673,0,864,207500
RL,NridgHt,110.0,14230,8,5,2007,2007,1600,2,3,Gd,3,890,1,1566,256300
RL,StoneBr,86.0,14157,9,5,2005,2006,1922,2,3,Gd,3,676,1,1922,377426
RL,Timber,83.0,13159,7,5,2009,2009,1692,2,3,Gd,2,650,0,846,224500
FV,Somerst,84.0,11096,8,5,2006,2006,1656,2,3,Gd,3,826,0,1656,249700
RM,OldTown,60.0,10800,4,7,1885,1995,1047,1,2,TA,1,273,0,641,100000
RL,NridgHt,56.0,20431,9,5,2005,2006,2728,2,4,Ex,3,706,2,1848,437154
RL,NAmes,100.0,10175,6,5,1964,1964,1425,2,3,TA,2,576,1,1425,180500
RL,BrkSide,,8854,6,6,1916,1950,952,1,2,Fa,1,192,1,952,121000
RL,CollgCr,43.0,13568,5,5,1995,1995,990,1,3,TA,2,576,0,990,156000
RL,ClearCr,,21453,6,5,1969,1969,988,1,1,TA,2,540,2,938,180000
RH,SawyerW,,8900,4,4,1966,1966,1056,1,2,TA,1,384,0,1056,107000
RL,Gilbert,42.0,14892,9,5,2006,2007,1746,2,3,Ex,3,758,2,1746,377500
RL,Gilbert,74.0,10141,7,5,1998,1998,1718,2,3,TA,2,427,1,832,185000
RL,Sawyer,70.0,12886,5,6,1963,1999,1464,2,3,TA,2,480,1,520,175000
RL,CollgCr,68.0,8935,7,5,2002,2002,1660,2,3,Gd,2,493,0,831,195000
RL,NridgHt,61.0,7658,9,5,2005,2005,1752,2,2,Ex,2,576,1,1752,319900
RL,Sawyer,,18890,5,5,1977,1977,2620,2,4,TA,2,600,1,1361,190000
RL,Edwards,130.0,40094,10,5,2007,2008,4676,3,3,Ex,3,884,1,3138,184750
RM,BrkSide,50.0,6130,5,6,1924,1950,784,1,2,Gd,0,0,0,784,109500
RL,Sawyer,85.0,6970,4,5,1961,1961,1120,1,3,Fa,2,544,0,1040,129000
RL,Sawyer,75.0,11235,4,5,1963,1979,1382,1,3,TA,2,459,1,1051,148000
RL,Sawyer,,11616,6,5,1978,1978,1386,2,3,TA,2,440,1,672,158900
RL,BrkSide,50.0,5000,1,3,1946,1950,334,1,1,Fa,0,0,0,0,39300
FV,Somerst,30.0,3182,7,5,2004,2005,1200,2,2,Gd,2,480,0,600,151000
RM,Blmngtn,,3072,7,5,2004,2004,1414,2,2,Gd,2,398,1,1375,178740
RL,NAmes,65.0,8944,5,5,1967,1967,1584,2,4,TA,3,792,0,1584,124000
RL,Crawfor,,11435,8,7,1929,1950,1517,1,3,Gd,2,400,2,792,230000
RL,NWAmes,80.0,11040,6,7,1971,2004,1258,2,3,Gd,2,528,0,1258,145000
RL,Sawyer,,6173,5,6,1967,1967,902,1,3,TA,1,288,0,876,125500
RL,SawyerW,63.0,13072,6,5,2004,2004,1158,1,3,Gd,2,576,0,1158,158000
RL,Crawfor,80.0,13360,5,7,1921,2006,964,1,2,TA,2,432,0,876,163500
RL,NAmes,,18450,6,5,1965,1979,2380,2,3,TA,2,596,1,1021,129000
RL,CollgCr,64.0,7314,7,5,2007,2007,1232,2,2,Gd,2,632,0,1232,194500
RL,CollgCr,60.0,7180,5,7,1972,1972,864,1,3,TA,1,352,0,864,127000
RL,SawyerW,82.0,11287,7,6,1989,1989,1982,2,3,Gd,2,575,1,807,228500
RL,NoRidge,78.0,12011,8,5,1998,1998,1924,2,3,Gd,2,592,1,1086,280000
RL,Crawfor,53.0,10918,7,9,1926,2004,2080,1,3,Gd,1,282,2,1276,234000
RL,Gilbert,62.0,7917,6,5,1999,2000,1647,2,3,TA,2,460,1,953,175000
RL,SawyerW,50.0,8012,6,5,1993,1994,1617,2,2,Gd,2,533,1,1604,193000
RL,Edwards,60.0,9060,5,6,1957,2006,1340,1,3,TA,1,252,1,0,120000
RL,NridgHt,83.0,10159,9,5,2009,2010,1940,2,3,Ex,3,606,1,1930,395192
RL,Edwards,75.0,9525,6,4,1954,1972,1855,2,4,TA,1,325,0,994,136900
RL,SawyerW,,9180,5,7,1983,1983,884,1,2,Gd,2,504,0,840,144000
RL,NridgHt,36.0,2628,7,5,2003,2003,1626,2,2,Gd,2,474,0,764,175500
RM,OldTown,50.0,3500,5,7,1947,1950,1284,1,2,TA,1,240,0,720,110000
RL,CollgCr,,11250,8,5,2002,2002,2290,2,4,Gd,2,779,1,1128,255900
RM,IDOTRR,110.0,8472,5,5,1963,1963,816,1,2,TA,2,516,0,816,110000
RL,NWAmes,,13837,7,5,1988,1988,2183,2,4,Gd,3,786,0,1204,229000
RM,OldTown,98.0,8820,5,6,1890,1996,1869,1,2,TA,2,456,0,1088,124900
RL,Crawfor,53.0,7128,7,5,1941,1950,1646,2,4,TA,1,240,2,918,164000
RL,SawyerW,88.0,10994,8,5,2005,2006,1844,2,2,Gd,2,620,1,1844,257000
RL,Timber,89.0,10991,8,5,2007,2007,1571,2,3,Gd,3,722,1,1571,239000
RM,OldTown,63.0,11426,7,5,2003,2003,2082,2,3,Gd,2,484,0,1362,200000
RL,Mitchel,82.0,11070,7,5,1988,1989,1959,3,5,TA,3,766,0,1907,171000
RL,NridgHt,93.0,11999,8,5,2003,2004,2374,2,4,Ex,3,656,1,1181,285000
RL,NAmes,100.0,13000,6,6,1968,1968,2142,2,4,Gd,1,509,1,896,193500
FV,Somerst,30.0,3180,7,5,2005,2005,1200,2,2,Gd,2,480,0,600,144152
FV,Somerst,75.0,9375,8,5,2003,2004,1992,2,3,Gd,2,648,1,1053,250000
RL,NoRidge,,11000,8,5,2000,2000,2285,2,4,Gd,3,648,1,969,248000
RL,ClearCr,,115149,7,5,1971,2002,1824,2,2,Gd,2,739,2,1643,302000
RL,NridgHt,98.0,16033,9,5,2004,2005,1850,2,3,Gd,3,772,1,1833,326000
RL,Edwards,62.0,10106,5,7,1940,1999,1355,2,4,TA,0,0,0,644,127500
RL,CollgCr,72.0,11317,7,5,2003,2003,1668,2,3,Gd,2,500,0,840,180000
RM,IDOTRR,,7920,6,7,1920,1950,1406,1,3,Fa,0,0,0,319,89500
RL,NAmes,137.0,16492,6,6,1966,2002,1888,2,2,Gd,2,578,1,1517,190000
RL,StoneBr,40.0,4671,8,5,1988,1989,1228,2,2,Gd,2,472,1,1228,189000
RL,Gilbert,59.0,9042,6,5,1998,1998,1638,2,3,TA,2,472,2,943,192000
RL,Edwards,73.0,10921,4,5,1965,1965,960,1,3,TA,1,432,0,960,94750
RL,Edwards,86.0,13286,9,5,2007,2008,1698,2,3,Ex,3,768,1,1698,320000
RL,NAmes,80.0,9920,5,5,1954,1954,1063,1,3,TA,1,280,0,1056,128000
RL,Sawyer,65.0,6993,5,7,1961,1994,1236,1,3,TA,1,288,1,912,135000
RL,SawyerW,64.0,7018,5,5,1979,1979,1535,2,4,TA,2,410,0,0,118964
RM,MeadowV,21.0,1890,4,7,1972,1972,630,1,1,TA,0,0,0,630,81000
RM,MeadowV,21.0,2217,4,4,1970,1970,1092,1,3,TA,1,286,0,546,88000
RL,NridgHt,108.0,13173,9,5,2006,2007,1652,2,2,Ex,2,840,2,1652,325000
RL,NAmes,75.0,7875,5,6,1961,1961,1144,1,3,TA,2,456,0,1144,139950
RL,Somerst,75.0,9986,8,5,2006,2007,1795,2,2,Gd,3,895,1,1795,147000
RL,CollgCr,118.0,13704,7,5,2001,2002,1541,2,3,Gd,3,843,1,1541,205000
RL,NAmes,70.0,7910,5,5,1960,1960,1507,2,4,TA,1,404,0,1075,127000
FV,Somerst,24.0,2645,8,5,1999,2000,1441,2,2,Gd,2,492,0,776,174000
RL,CollgCr,93.0,9382,7,5,1999,2000,1479,2,3,Gd,2,577,0,1468,191000
RM,BrDale,21.0,1680,6,3,1971,1971,987,1,2,TA,1,264,0,483,89500
RL,Edwards,50.0,9340,4,6,1941,1950,672,1,2,TA,1,234,0,672,113000
RL,SWISU,60.0,8400,5,8,1939,1997,2192,2,4,Gd,1,240,1,720,179500
RL,CollgCr,80.0,10386,8,5,2004,2005,2000,2,3,Gd,3,888,0,2000,305900
RL,Edwards,74.0,8536,5,5,2006,2007,1125,1,2,TA,2,430,0,1125,155000
RL,Edwards,77.0,8335,5,5,1954,1954,1124,1,3,TA,0,0,1,0,93000
RL,Crawfor,110.0,14442,6,7,1957,2004,1839,2,3,Gd,2,416,2,1477,257500
RL,ClearCr,,159000,6,7,1958,2006,2144,2,4,Gd,2,389,2,1444,277000
RL,ClearCr,80.0,14000,7,5,1996,1997,2260,2,3,Gd,2,533,0,1306,328000
RL,NAmes,100.0,9500,6,6,1964,1978,1977,1,4,TA,2,540,1,816,165000
RL,Mitchel,69.0,7599,4,6,1982,2006,845,1,2,TA,2,360,0,845,129500
RL,CollgCr,69.0,9337,6,5,1997,1997,1786,2,3,Gd,2,684,0,824,204750
RL,Crawfor,79.0,11526,6,7,1922,1994,2555,2,3,TA,2,672,1,588,191000
RL,NAmes,70.0,10552,5,5,1959,1959,1700,1,4,Gd,2,447,1,1398,165500
RL,Gilbert,58.0,10852,6,5,2000,2000,1671,2,3,TA,2,472,1,959,173000
RM,IDOTRR,50.0,8600,6,6,1937,1950,1376,2,3,TA,1,198,1,780,119500
RL,Edwards,73.0,9855,6,5,1956,1956,1689,1,3,TA,2,480,1,1436,127500
RM,OldTown,60.0,10800,7,8,1890,1998,2554,1,3,TA,2,704,0,718,159500
RM,OldTown,100.0,12665,5,8,1915,1950,1416,1,4,TA,3,720,1,876,153900
RL,NAmes,73.0,7100,5,7,1957,1957,816,1,2,TA,1,308,0,816,129900
RL,NWAmes,80.0,10400,7,5,1976,1976,1370,2,3,TA,2,479,1,1090,152000
RL,NWAmes,,11717,6,6,1970,1970,1442,2,2,TA,2,615,1,1442,185000
RM,BrkSide,50.0,8635,5,5,1948,2001,1285,1,2,TA,1,240,0,672,127000
RL,Gilbert,,8530,7,5,1995,1996,1474,2,3,TA,2,400,1,384,168500
RL,NoRidge,92.0,9920,7,5,1996,1997,2013,2,3,TA,2,455,1,1117,269790
RL,Somerst,78.0,10206,8,5,2007,2007,1563,2,3,Gd,3,758,1,1563,245000
RL,ClearCr,,53227,4,6,1954,1994,1663,1,2,Gd,2,529,2,1364,256000
RL,NAmes,60.0,10800,4,4,1949,1950,1192,1,4,TA,0,0,0,720,135000
RM,OldTown,60.0,9600,4,2,1900,1950,1774,2,4,TA,3,779,0,1095,87000
RL,CollgCr,73.0,8760,7,5,2006,2006,1962,2,3,Gd,3,868,0,1391,239799
RL,Gilbert,73.0,8993,7,5,2007,2007,1302,2,3,Gd,2,436,0,1302,176485
RM,OldTown,40.0,4400,6,8,1920,1950,1118,1,2,TA,2,440,0,648,116000
FV,Somerst,85.0,9187,9,5,2009,2009,1766,2,2,Ex,3,478,1,1766,370878
RL,Gilbert,63.0,7875,7,5,1995,1996,1253,2,3,TA,2,402,1,1237,176000
RL,SawyerW,81.0,9672,6,5,1984,1985,1097,2,3,TA,2,480,0,1040,152000
RL,NAmes,,12537,5,6,1971,2008,1078,1,3,TA,2,500,1,1078,149900
RL,Gilbert,,10364,6,5,1995,1996,1572,2,3,TA,2,373,1,806,168000
RL,ClearCr,,23595,7,6,1979,1979,1524,0,0,Gd,2,586,1,1332,260000
RL,Gilbert,,8755,7,5,1999,1999,2060,2,3,Gd,2,390,1,992,214000
RL,Timber,,14375,6,6,1958,1958,1344,1,3,Gd,2,525,1,819,137500
RM,IDOTRR,,7758,7,4,1931,1950,1818,1,4,TA,1,240,2,1040,169500
RL,Sawyer,61.0,7943,4,5,1961,1961,1029,1,3,TA,1,261,0,1029,118500
RM,MeadowV,42.0,3964,6,4,1973,1973,2521,2,5,TA,2,576,1,942,151400
RL,CollgCr,68.0,8846,6,5,2005,2006,1500,2,3,Gd,2,564,0,750,173900
RL,NAmes,95.0,15865,8,6,1970,1970,2217,2,4,Gd,2,621,1,2217,268000
RL,NridgHt,44.0,6442,8,5,2006,2006,1370,2,2,Gd,2,484,1,1370,202500
FV,Somerst,60.0,7200,6,5,2006,2006,1262,2,2,Gd,2,572,0,1262,185000
RL,Timber,80.0,11316,7,5,2002,2003,1894,2,4,Gd,2,510,1,817,214900
RL,NridgHt,93.0,12030,8,5,2007,2007,1694,2,3,Gd,3,818,0,1694,318000
RL,NAmes,70.0,10500,4,6,1971,1971,864,1,2,TA,2,576,0,864,97000
RM,Edwards,24.0,2522,6,5,2004,2006,1709,2,3,Gd,2,380,0,970,130000
RL,NAmes,,12513,4,4,1920,2007,1738,2,4,TA,1,368,1,715,104900
RL,NAmes,79.0,10634,5,6,1953,1953,1319,1,3,TA,1,270,0,608,123000
RL,SawyerW,90.0,12376,7,5,1990,1990,3222,3,5,Gd,3,594,2,1673,320000
RM,IDOTRR,60.0,6882,6,7,1914,2006,1355,1,3,Gd,0,0,0,684,127000
RL,BrkSide,55.0,5350,3,2,1940,1966,1306,1,3,Fa,0,0,0,728,76500
RL,CollgCr,70.0,8445,5,7,1972,2007,768,1,2,TA,2,396,0,768,133000
RL,BrkSide,50.0,7420,5,6,1939,1950,1077,1,2,TA,1,205,2,991,118000
RM,OldTown,50.0,6000,3,7,1948,2002,1183,1,2,TA,1,308,0,649,120000
RL,Gilbert,65.0,9018,7,5,2007,2007,1456,2,3,Gd,2,400,1,728,179540
RL,Gilbert,66.0,8738,7,5,1999,1999,2291,2,4,Gd,2,429,1,975,230000
RM,CollgCr,,4435,6,5,2003,2003,848,1,1,Gd,2,420,0,848,140000
RL,NridgHt,96.0,12474,10,5,2007,2008,2332,2,3,Ex,3,846,1,1682,426000
RM,BrkSide,50.0,6000,5,8,1925,1997,1348,1,3,TA,1,216,1,884,117000
RL,Edwards,120.0,13728,6,7,1935,1986,2108,2,4,Gd,2,540,2,1127,235000
C (all),IDOTRR,60.0,11040,4,6,1920,1950,1336,1,3,TA,1,570,0,637,108000
RL,Edwards,313.0,63887,10,5,2008,2008,5642,2,3,Ex,2,1418,3,6110,160000
RL,NAmes,,9503,5,5,1958,1983,1344,1,2,TA,1,484,1,1024,144000
FV,Somerst,75.0,8004,8,5,2009,2009,1935,2,3,TA,2,552,0,832,263435
RL,Edwards,60.0,8172,4,6,1954,1972,1470,2,4,TA,1,548,0,941,135000
RL,NWAmes,,20781,7,7,1968,2003,2156,2,3,TA,2,508,1,1568,262500
RM,Sawyer,70.0,9100,5,5,1963,1963,1728,2,6,TA,2,504,0,1728,125000
FV,Somerst,75.0,9803,7,5,2005,2005,1768,2,3,Gd,2,603,0,866,226700
RL,NAmes,72.0,10152,5,5,1956,1956,1048,1,3,TA,1,286,0,1048,135000
RL,CollgCr,65.0,9313,7,5,2004,2004,1728,2,3,Gd,2,572,0,864,190000
RM,OldTown,50.0,5250,8,5,1872,1987,2358,2,4,TA,0,0,0,684,122000
RL,Timber,73.0,9590,7,5,2003,2003,1146,2,3,Gd,2,438,1,868,187500
RL,CollgCr,,11423,8,5,2001,2002,1601,2,3,Gd,2,670,1,1581,272000
RL,Sawyer,,13650,5,5,1958,1958,1920,2,4,Gd,2,451,1,1052,172500
RM,OldTown,60.0,7740,4,7,1910,1950,1363,1,3,TA,2,528,0,622,125500
RL,Edwards,57.0,6420,5,7,1952,1952,1148,1,2,TA,1,308,0,980,123500
RL,CollgCr,64.0,6762,7,5,2006,2006,1294,2,2,Gd,2,662,1,1286,193879
RM,OldTown,52.0,9439,5,5,1930,1950,1248,1,2,TA,1,160,0,912,87000
RL,Gilbert,,7750,8,5,2002,2002,1419,2,3,Gd,2,527,1,408,184100
RL,NWAmes,,12546,6,7,1981,1981,1440,2,3,Gd,2,467,1,1440,182900
RL,Mitchel,90.0,17217,5,5,2006,2006,1140,1,3,TA,0,0,0,1140,84500
RL,NWAmes,,10382,7,6,1973,1973,2090,2,3,TA,2,484,2,1107,200000
RL,CollgCr,72.0,7226,7,5,2003,2003,1640,2,3,Gd,2,595,0,798,183000
RL,SawyerW,65.0,8125,6,5,1994,1998,1679,2,3,Gd,2,575,1,1408,193500
RM,BrkSide,60.0,6000,6,6,1941,1950,1218,1,3,TA,2,440,1,735,131000
RM,MeadowV,44.0,4224,5,5,1976,1976,1142,1,3,TA,2,528,1,1142,134000
RL,Mitchel,,9101,5,6,1978,1978,1110,1,1,Gd,2,602,1,1097,165500
RL,Edwards,68.0,10880,5,5,1950,1950,1164,1,3,TA,1,240,0,1164,125000
RM,IDOTRR,60.0,6402,5,5,1920,1950,1192,1,3,TA,1,189,0,596,78000
RL,CollgCr,63.0,8500,7,5,2004,2004,1422,2,3,Gd,2,626,0,1422,179600
RL,Sawyer,57.0,9764,5,7,1967,2003,894,1,3,Gd,2,450,0,894,130000
FV,Somerst,85.0,10574,8,5,2005,2006,1953,2,3,Gd,3,1043,1,1082,252000
RL,CollgCr,80.0,12435,7,5,2001,2001,1792,2,3,Gd,2,564,1,963,231500
RL,Edwards,60.0,12180,4,4,1941,1950,924,1,2,Fa,1,280,0,672,80000
RL,SawyerW,50.0,7175,6,5,1984,1984,752,1,2,TA,1,264,0,744,125000
RL,Crawfor,75.0,13125,7,6,1940,1984,1740,1,3,TA,1,240,2,800,219500
RL,Gilbert,,9636,6,5,1992,1993,1593,2,3,TA,2,389,1,808,178000
RL,NAmes,71.0,8520,5,4,1952,1952,1385,2,4,TA,2,720,0,910,166000
FV,Somerst,62.0,7500,7,5,2005,2005,1266,2,3,Gd,2,453,1,1257,176000
RL,Gilbert,168.0,23257,7,5,2006,2006,2021,2,3,Gd,2,422,1,868,274725
RL,NWAmes,80.0,9650,6,5,1977,1977,1334,2,2,TA,2,630,1,1350,167900
FV,Somerst,24.0,2160,7,5,1999,2000,1252,2,2,Gd,2,462,0,600,160000
RM,OldTown,60.0,8520,6,7,1916,1950,2526,2,5,Gd,1,216,1,714,136000
RL,NridgHt,105.0,15431,10,5,2008,2008,2402,2,2,Ex,3,672,2,3094,555000
RM,BrkSide,60.0,6155,6,8,1920,1999,1362,2,3,TA,2,502,0,611,128000
RL,NoRidge,118.0,35760,10,5,1995,1996,3627,3,4,Gd,3,807,1,1930,625000
RL,NoRidge,82.0,9950,7,5,1995,1995,2520,2,4,Gd,3,721,1,1203,290000
RL,Edwards,74.0,10206,3,3,1952,1952,944,1,2,Fa,2,528,0,0,82000
RL,Sawyer,70.0,8521,5,5,1967,1967,912,1,3,TA,1,336,1,912,125000
FV,Somerst,65.0,8125,7,5,2005,2006,1553,2,3,Gd,2,615,0,756,186500
RL,Edwards,75.0,10215,4,5,1954,1954,948,1,3,TA,1,248,0,864,111000
FV,Somerst,72.0,8640,7,5,2009,2009,1852,2,3,Gd,2,644,1,900,252678
RM,OldTown,60.0,10440,5,6,1910,1981,1230,1,2,TA,2,440,0,440,110000
RL,SawyerW,63.0,7500,7,5,2004,2005,1080,1,3,Gd,0,0,0,1080,141000
RL,Edwards,45.0,8248,5,7,1918,1950,1250,1,3,Fa,1,280,0,686,116000
RL,NAmes,80.0,9760,6,6,1964,1964,1611,1,4,TA,2,442,0,780,167900
RL,SawyerW,80.0,9938,7,5,1993,1994,1949,2,3,Gd,2,574,1,1050,236000
RH,Edwards,54.0,6629,6,6,1925,1950,1369,2,3,TA,1,300,0,672,103600
RL,Gilbert,,9125,7,5,1992,1992,1482,2,3,Gd,2,392,1,384,163900
RM,BrkSide,58.0,6380,5,6,1922,1950,1048,1,2,TA,1,280,1,993,113000
FV,Somerst,72.0,8640,7,5,2007,2008,1372,2,3,Gd,2,529,0,1372,250580
RL,Timber,,6853,8,5,2001,2002,1296,2,2,Gd,2,471,0,1267,220000
RL,CollgCr,65.0,8775,5,5,1994,1994,990,1,3,TA,1,299,0,990,126000
RL,SWISU,60.0,9900,6,7,1940,1950,1489,2,3,TA,1,240,1,778,139500
RL,NridgHt,109.0,14154,7,5,2006,2006,2172,2,3,Gd,3,947,1,1063,280000
RL,Blmngtn,43.0,3182,7,5,2007,2007,1266,2,2,Gd,2,388,1,1266,159895
FV,Somerst,75.0,7862,6,5,2009,2009,1218,2,2,Gd,2,676,0,1218,208300
RL,NAmes,57.0,8280,6,5,1950,1950,932,1,2,Gd,1,306,1,932,124000
RL,NPkVill,24.0,2308,6,5,1974,1974,1322,2,3,TA,2,440,1,855,147000
RM,OldTown,59.0,5310,6,8,1910,2003,1635,1,2,Gd,1,255,0,485,117000
RL,NAmes,,17600,6,5,1960,1960,1478,2,3,TA,2,498,2,1478,157500
RL,Edwards,58.0,8410,5,3,1910,1996,1184,1,5,TA,0,0,0,658,81000
RL,CollgCr,65.0,8450,7,5,2003,2003,1710,2,3,Gd,2,548,0,856,208500
RL,Mitchel,,7540,6,6,1978,1978,912,1,2,TA,2,470,1,888,156000
RL,ClearCr,,28698,5,5,1967,1967,2126,2,3,TA,2,538,0,1013,185000
RL,Timber,73.0,9735,5,5,2006,2007,1394,2,3,Gd,2,400,0,384,167500
RL,Sawyer,80.0,8480,5,6,1963,1963,970,1,2,TA,2,624,0,970,132500
RL,Mitchel,,12328,6,5,1976,1976,1034,1,3,TA,3,888,0,1012,169900
RL,CollgCr,89.0,11645,7,5,2004,2004,1720,2,3,Gd,2,565,0,860,196500
RM,OldTown,50.0,6000,5,4,1954,1954,1387,2,3,Gd,1,256,0,811,93000
RL,Edwards,124.0,11512,6,7,1959,2006,1357,1,2,Ex,1,312,1,1019,177000
RL,NAmes,73.0,9300,5,5,1960,1960,1264,1,3,TA,2,461,2,1268,167500
RL,Gilbert,149.0,12589,6,5,2005,2005,1484,2,3,Gd,2,390,1,742,174000
RL,StoneBr,44.0,5306,7,7,1987,1987,1767,2,2,Gd,2,504,1,1064,239000
RM,OldTown,70.0,5684,6,8,1930,2005,813,1,2,Gd,1,270,0,813,110000
RM,IDOTRR,60.0,6780,6,8,1935,1982,754,1,2,TA,0,0,0,520,84500
RL,NAmes,313.0,27650,7,7,1960,2007,2069,2,4,Gd,2,505,1,585,242000
RL,Timber,85.0,10200,6,5,1988,1989,1509,2,3,Gd,2,600,1,1461,175000
RL,Gilbert,65.0,8125,6,5,1994,1995,1481,2,3,TA,2,343,1,702,174000
RL,BrkSide,60.0,9873,4,5,1970,1970,960,1,3,TA,2,576,0,960,129000
RL,NAmes,60.0,7200,4,5,1950,1950,1040,1,2,TA,2,420,0,0,109900
RL,NAmes,60.0,7200,4,5,1949,1950,1040,2,2,TA,2,420,0,0,90000
RL,Crawfor,54.0,7588,7,6,1920,1950,1802,1,4,TA,1,216,1,793,200100
FV,Somerst,75.0,9000,8,5,2007,2007,2610,2,4,Ex,2,550,1,1184,303477
RL,Edwards,134.0,17755,5,4,1959,1959,1466,1,3,Fa,2,528,2,1466,149900
RM,OldTown,60.0,10800,5,6,1915,1950,1652,2,4,TA,1,416,0,686,139000
RL,SawyerW,59.0,11228,7,5,1993,1993,2097,2,3,Gd,3,678,1,1080,228000
RM,Crawfor,44.0,4750,8,5,2006,2007,1625,2,2,Gd,2,538,1,1573,235000
RL,ClearCr,81.0,15593,7,4,1953,1953,2287,2,3,TA,2,667,1,1304,225000
RL,NridgHt,107.0,13891,9,5,2008,2009,2822,3,4,Ex,3,1020,1,1734,582933
RL,Gilbert,,12224,6,5,2000,2000,2054,2,3,Gd,2,390,1,992,244000
RL,Crawfor,90.0,15750,5,5,1953,1953,1336,1,2,TA,1,375,2,1165,157000
RL,Edwards,68.0,9450,4,5,1954,1954,894,1,3,TA,2,400,0,894,110000
RL,Veenker,32.0,10846,8,5,1993,1993,1719,1,1,Gd,2,473,2,1719,324000
RL,NoRidge,81.0,10944,7,5,1994,1994,2127,2,3,Gd,2,525,2,1223,271000
RL,NAmes,80.0,8800,6,6,1964,1964,1251,1,3,TA,1,461,2,1251,160000
RL,NAmes,70.0,7535,5,7,1958,1985,912,1,2,TA,1,297,0,912,120000
RM,OldTown,50.0,5925,3,6,1910,1950,968,1,2,TA,0,0,0,600,37900
RL,CollgCr,44.0,9548,7,6,2003,2003,1829,2,3,Gd,2,613,1,941,237000
RL,NWAmes,,18800,6,5,1976,1976,1574,2,3,TA,2,566,1,796,190000
C (all),IDOTRR,60.0,7879,4,5,1920,1950,720,1,2,TA,0,0,0,720,34900
RL,NridgHt,129.0,16737,9,5,2004,2005,1980,2,3,Ex,3,770,1,1980,315000
RL,NWAmes,91.0,14145,7,7,1984,1998,1621,2,3,Gd,2,440,0,1208,202500
RL,NWAmes,,16635,6,7,1977,2000,1602,2,3,Gd,2,529,1,1602,215000
RM,OldTown,40.0,5400,6,7,1926,2004,1616,2,3,Gd,1,216,0,1149,152000
RL,NAmes,47.0,16321,5,6,1957,1997,1600,1,2,TA,1,319,2,1484,207500
RL,NWAmes,,10448,6,6,1972,1972,2119,2,3,TA,2,583,1,689,158000
RM,Edwards,24.0,2522,7,5,2004,2004,1709,2,3,Gd,2,380,0,970,130000
RL,NAmes,93.0,11160,7,5,1968,1968,2110,2,3,Ex,2,522,2,2110,244000
RH,Edwards,70.0,4270,3,6,1931,2006,774,1,3,Gd,0,0,0,544,79000
RM,IDOTRR,40.0,3636,4,4,1922,1950,796,1,2,TA,0,0,0,796,55000
RL,Timber,,16669,8,6,1981,1981,1707,2,2,TA,2,511,1,1686,228000
RL,NridgHt,86.0,10562,8,5,2007,2007,2161,1,3,Ex,3,789,1,1582,325624
RL,CollgCr,70.0,8750,7,5,1996,1996,1716,2,2,Gd,2,512,1,880,191000
RL,NAmes,80.0,10197,6,5,1961,1961,1362,1,3,TA,2,504,1,1362,163000
RL,CollgCr,,9531,6,5,1998,1998,1796,2,3,TA,2,546,0,794,211000
RM,Crawfor,64.0,5587,8,5,2008,2008,1652,2,2,Gd,2,482,1,1600,392500
RM,OldTown,50.0,9000,7,9,1920,1988,1482,1,3,TA,2,324,0,650,143000
RM,BrkSide,51.0,6120,5,7,1925,1950,1015,1,3,TA,1,450,0,768,88000
RL,NAmes,79.0,9490,6,7,1941,1950,1578,1,3,Fa,1,240,2,806,133000
RL,NAmes,85.0,10200,5,7,1954,2003,1086,1,3,TA,2,490,0,1086,144900
RM,BrDale,21.0,1680,6,5,1971,1971,1218,1,3,TA,0,0,0,672,91500
RL,Sawyer,74.0,8740,5,6,1982,1982,860,1,2,TA,2,528,0,840,137000
RM,OldTown,55.0,8800,4,7,1910,2004,1140,1,3,TA,0,0,0,576,96500
RL,Crawfor,60.0,7200,7,6,1931,2000,1502,1,3,TA,1,270,1,776,149000
RL,NAmes,82.0,9020,6,7,1966,1966,1165,1,3,TA,2,490,0,1127,174900
RL,Gilbert,,7851,6,5,2002,2002,1960,2,4,Gd,2,440,2,860,216500
RL,CollgCr,75.0,11404,7,5,1998,1999,2031,2,3,Gd,2,541,1,1153,222500
RL,CollgCr,,10900,6,7,1977,1977,1392,1,3,TA,1,299,0,689,161750
RL,NridgHt,95.0,12182,7,5,2005,2005,1541,2,3,Gd,2,532,1,1541,220000
RL,NAmes,75.0,7388,5,6,1959,2002,1327,1,3,Gd,2,624,0,1063,150750
RM,BrkSide,50.0,6000,4,6,1936,1950,1324,1,3,TA,1,240,0,672,128000
RL,NWAmes,85.0,11475,6,6,1975,1975,1552,2,3,TA,2,434,1,713,179900
RL,NoRidge,,9572,8,5,1990,1990,2810,2,4,Gd,2,750,1,1453,302000
RM,OldTown,90.0,22950,10,9,1892,1993,3608,2,4,Ex,3,840,2,1107,475000
RL,Timber,115.0,16905,5,6,1959,1959,1328,1,2,TA,1,308,2,1350,170000
RL,Timber,42.0,26178,7,5,1989,1990,2519,2,4,Gd,2,628,2,1210,335000
RM,IDOTRR,85.0,8500,5,7,1919,2005,1517,2,3,Fa,0,0,0,793,115000
RL,NAmes,68.0,7922,5,7,1953,2007,1057,1,3,Gd,1,246,0,1057,109000
RL,SawyerW,79.0,12327,8,8,1983,2009,2132,1,1,Gd,2,612,1,1496,316600
RL,Timber,85.0,14536,8,5,2002,2003,1629,2,3,Gd,3,808,1,1616,270000
RL,NAmes,,12160,5,5,1959,1959,1188,1,3,TA,2,531,0,1188,142000
RL,Somerst,49.0,15256,8,5,2007,2007,1464,2,3,Gd,3,754,0,1485,282922
RM,Mitchel,32.0,4500,6,5,1998,1998,1216,2,2,TA,2,402,0,1216,164000
RL,NridgHt,98.0,11428,8,5,2006,2006,1634,2,3,Gd,3,866,1,1626,250000
RL,NAmes,60.0,8064,5,7,1949,2006,924,1,3,TA,2,576,1,672,122900
RL,Sawyer,,8246,5,8,1968,2001,1060,1,3,Gd,1,270,1,1060,154000
RL,NPkVill,24.0,2308,6,6,1976,1976,1548,2,3,Gd,2,440,1,804,155000
RL,SWISU,60.0,8400,2,5,1920,1950,438,1,1,Fa,1,246,0,290,60000
RM,OldTown,47.0,4608,4,6,1945,1950,747,1,2,TA,1,220,0,747,80000
RL,NAmes,65.0,7150,5,5,1967,1967,892,1,3,TA,1,288,0,892,100000
RL,NAmes,70.0,7728,5,6,1962,1962,1190,1,3,TA,2,540,0,1106,132500
RL,NAmes,,9500,6,5,1963,1963,1394,1,3,TA,2,514,2,1394,159000
RM,OldTown,60.0,7596,5,5,1952,1952,1960,2,4,TA,2,400,0,960,124500
RM,CollgCr,36.0,4435,6,5,2003,2003,848,1,1,Gd,2,420,0,848,131500
RL,Timber,50.0,8049,7,5,1990,1990,1339,2,2,TA,2,484,1,1309,180000
RH,SawyerW,60.0,9000,6,3,1928,1950,784,1,2,TA,2,360,0,784,76000
RL,Sawyer,,8978,5,5,1968,1968,948,1,3,TA,1,300,0,948,108000
RL,NWAmes,80.0,10000,5,6,1973,2000,1178,1,3,Gd,2,439,1,1176,157000
RL,Gilbert,,10762,7,5,1999,1999,1983,2,3,Gd,2,490,1,978,225000
RL,Mitchel,63.0,9297,5,5,1976,1976,1728,2,4,TA,2,560,0,1728,188000
RM,OldTown,30.0,5232,5,5,1925,2004,764,1,2,TA,2,504,0,680,73000
RM,MeadowV,21.0,1596,4,5,1973,1973,988,1,2,TA,1,297,0,462,91000
FV,Somerst,30.0,3000,6,5,2009,2009,1224,2,2,Gd,2,528,0,612,173733
RM,BrDale,21.0,1680,6,5,1972,1972,987,1,2,TA,1,288,1,483,94500
RL,CollgCr,70.0,8750,7,5,1994,1995,1908,2,4,Gd,2,493,1,915,210000
RL,Edwards,68.0,9571,5,6,1956,1956,1144,1,3,TA,1,596,0,1144,129000
RL,NWAmes,,10395,6,6,1978,1978,1032,2,3,TA,2,564,1,1032,148000
RL,ClearCr,97.0,10029,6,5,1988,1989,2060,2,4,TA,2,521,1,1151,211000
RL,SawyerW,66.0,13695,5,5,2004,2004,1114,1,3,Gd,2,576,0,1114,159000
RL,NWAmes,,17871,6,5,1967,1976,1724,1,3,TA,2,480,1,1680,197900
RM,BrDale,21.0,1680,6,7,1972,1972,1218,1,3,TA,1,264,0,672,118000
RH,SawyerW,60.0,8400,4,4,1950,1950,841,1,2,TA,1,294,0,721,82000
RL,StoneBr,,3696,8,5,1986,1986,1088,1,2,Gd,2,461,0,1074,170000
RL,CollgCr,,7000,5,8,1978,2005,864,1,3,TA,1,336,0,864,136500
RL,StoneBr,69.0,11302,8,5,2005,2006,1826,2,3,Gd,3,758,1,1814,319000
RM,IDOTRR,60.0,7200,5,7,1920,1996,1111,1,3,Fa,1,288,0,530,101000
RL,NAmes,72.0,8872,5,8,1965,2008,912,1,2,Gd,2,576,0,912,147000
RL,NoRidge,92.0,11764,8,7,1999,2007,2270,2,4,Gd,3,671,1,1152,290000
RL,Mitchel,37.0,6951,5,5,1984,1985,923,1,3,TA,1,264,0,876,119500
RL,NAmes,74.0,8892,5,7,1953,1996,910,1,3,Gd,2,414,0,105,116000
RL,NAmes,60.0,8544,3,4,1950,1950,1040,2,2,TA,2,400,0,0,92900
RL,OldTown,90.0,5400,4,6,1920,1950,1374,1,2,TA,1,338,0,840,105000
RL,NridgHt,107.0,14450,9,5,2006,2007,2121,2,3,Ex,3,732,1,2121,415298
RL,Gilbert,59.0,11796,7,5,2004,2005,1959,2,4,Gd,2,434,1,847,215000
RM,BrkSide,51.0,6120,5,6,1936,1950,1539,1,3,TA,2,576,0,927,141500
RL,NAmes,78.0,7800,5,6,1954,1954,1268,1,2,TA,1,244,1,1268,132000
RM,OldTown,50.0,6000,4,4,1920,1950,960,1,2,Fa,1,308,0,960,108500
RL,CollgCr,112.0,10859,5,5,1994,1995,1097,1,3,TA,2,672,0,1097,145000
RM,OldTown,60.0,10800,7,7,1914,1970,1768,1,2,TA,2,320,2,880,163000
RL,NAmes,80.0,9600,6,8,1950,2005,1668,1,3,TA,1,271,0,856,140000
RL,NAmes,120.0,13560,6,3,1968,1968,1392,1,2,TA,2,576,2,1392,110000
RM,BrkSide,50.0,6000,6,6,1939,1950,1412,1,4,TA,1,280,1,780,132500
RL,CollgCr,61.0,10226,8,5,2008,2008,1630,2,3,Ex,3,860,1,1622,295493
FV,Somerst,35.0,4274,7,5,2006,2007,1241,1,1,Gd,2,569,0,1241,199900
RL,Mitchel,54.0,7244,5,7,1970,1970,768,1,2,TA,2,624,0,768,129500
RL,Crawfor,,14778,6,7,1954,2006,1640,1,3,Gd,2,924,1,1296,224000
RL,StoneBr,60.0,8089,8,6,2007,2007,1419,2,2,Gd,2,567,1,1419,392000
RL,Edwards,60.0,10800,5,5,1987,1988,1200,3,3,TA,0,0,0,1200,179000
RL,NAmes,,7472,7,9,1972,2004,1479,1,4,Gd,2,484,0,725,184000
RL,NAmes,87.0,11029,6,8,1958,2002,1414,1,3,TA,2,601,1,1184,176500
RM,OldTown,34.0,4571,5,5,1916,1950,1344,1,4,TA,3,513,0,624,98000
RL,Gilbert,,14762,5,6,1948,1950,2320,2,2,TA,2,672,1,0,169000
RL,BrkSide,,7446,4,5,1941,1950,788,1,2,TA,0,0,2,788,100000
RL,NPkVill,24.0,2289,6,6,1978,1978,1441,2,3,TA,2,440,1,855,148500
RL,NAmes,70.0,9100,6,6,1959,1959,864,1,2,TA,1,300,0,864,127500
RL,NAmes,60.0,9000,4,6,1971,1971,864,1,3,TA,2,528,0,864,120500
RL,NAmes,85.0,11475,5,5,1958,1958,1776,2,4,TA,3,888,0,1584,110000
RL,NAmes,65.0,8450,5,6,1968,1968,1056,1,3,TA,1,304,1,1056,142000
RL,Edwards,,10020,1,1,1922,1950,904,0,1,Fa,0,0,0,683,61000
FV,Somerst,,4403,7,5,2009,2009,1478,2,2,Gd,2,484,1,1470,222000
RM,OldTown,60.0,5790,3,6,1915,1950,1605,2,3,TA,1,379,0,840,107400
RL,CollgCr,68.0,9179,7,5,1999,1999,1790,2,3,Gd,2,588,0,873,193000
RL,NWAmes,,10304,5,7,1976,1976,1868,2,4,Gd,2,484,1,780,197500
RM,BrDale,21.0,1890,6,5,1973,1973,1218,1,3,TA,1,264,0,672,113000
RL,NridgHt,114.0,14803,10,5,2007,2008,2084,2,2,Ex,3,1220,1,2078,385000
RL,NPkVill,24.0,2280,6,6,1976,1976,1456,2,3,TA,2,440,1,855,148500
RL,Edwards,75.0,9937,5,6,1965,1965,1256,1,3,TA,1,276,0,1256,147500
RL,Gilbert,,7861,6,5,2002,2003,1509,2,3,Gd,2,393,1,783,183200
RL,Crawfor,61.0,7259,6,8,1945,2002,2320,2,3,Gd,1,180,1,1028,259500
RL,Crawfor,86.0,22420,6,6,1918,1950,2624,2,4,TA,3,864,1,1370,239000
RM,IDOTRR,50.0,9000,6,6,1937,1950,1375,1,3,Gd,1,544,1,780,141000
RL,NAmes,75.0,10382,6,5,1958,1958,1095,1,2,TA,1,264,0,588,140000
RL,Edwards,67.0,8777,5,7,1900,2003,2200,2,4,TA,0,0,0,1272,145900
RL,CollgCr,88.0,12803,7,5,2002,2002,1494,2,3,Gd,2,530,1,1494,221000
RL,Edwards,70.0,11767,4,7,1910,2000,1346,1,2,TA,1,384,0,560,112000
RL,CollgCr,60.0,8070,4,5,1994,1995,990,1,3,TA,0,0,0,990,123600
RL,ClearCr,75.0,45600,6,8,1908,1997,2358,3,5,TA,2,360,1,907,240000
RL,OldTown,90.0,5400,5,7,1954,2000,833,1,2,Gd,1,326,0,833,117000
RL,Timber,88.0,12665,8,5,2005,2006,2482,2,4,Gd,3,642,1,1094,281213
RL,NridgHt,80.0,10240,8,5,2005,2005,2098,2,3,Ex,3,878,1,1030,275500
RL,Sawyer,65.0,7800,5,7,1967,2004,899,1,3,Gd,1,288,0,864,130000
RL,NridgHt,85.0,11924,9,5,2005,2006,2324,3,4,Ex,3,736,2,1175,345000
RL,CollgCr,60.0,7200,5,5,1972,1972,894,1,2,TA,2,600,0,894,123000
RL,SawyerW,50.0,8012,6,5,1992,1992,1575,2,2,Gd,2,529,0,1575,179200
RM,CollgCr,,4426,6,5,2004,2004,848,1,1,Gd,2,420,1,848,141000
RM,OldTown,65.0,8850,7,6,1916,1950,1690,1,3,TA,1,225,1,815,144000
RM,MeadowV,41.0,2665,5,6,1977,1977,1475,2,4,TA,1,336,1,757,127000
RL,NridgHt,61.0,7577,6,5,2005,2006,1362,2,2,Gd,2,460,1,1362,194700
RL,Blmngtn,,3196,8,5,2003,2003,1456,2,2,Gd,2,400,1,1273,215000
RL,Gilbert,134.0,19378,7,5,2005,2006,2462,2,4,Gd,2,576,1,1392,320000
RL,NAmes,71.0,7056,6,5,1963,1963,1796,1,4,TA,2,483,1,780,140000
RM,OldTown,60.0,9600,5,8,1925,1994,1472,1,3,Gd,1,250,0,702,125000
RL,CollgCr,68.0,8814,7,5,2006,2006,1604,2,3,Gd,2,660,1,1604,220000
RL,Timber,,164660,5,6,1965,1965,1786,2,3,TA,2,529,2,1499,228950
RL,NAmes,80.0,9600,6,6,1955,1996,1661,1,3,Gd,1,377,1,992,165500
RM,MeadowV,21.0,1477,4,4,1970,1970,630,1,1,TA,1,286,0,630,80000
RL,NridgHt,94.0,12220,10,5,2009,2009,2020,2,3,Ex,3,900,1,2006,402861
RL,NWAmes,70.0,8400,8,6,2001,2001,1665,2,3,Gd,2,528,0,810,227000
RL,CollgCr,70.0,9100,7,5,2004,2005,1836,2,3,Gd,2,484,1,1860,216837
RM,OldTown,60.0,6600,5,4,1892,1965,2372,2,4,TA,1,432,0,994,107500
RM,BrkSide,60.0,6911,5,5,1924,1950,1301,1,2,Fa,2,440,0,1145,100000
RL,CollgCr,74.0,8556,7,5,2006,2006,1240,2,2,Gd,3,826,0,1240,194000
RL,NAmes,90.0,11988,6,6,1957,1957,1244,1,3,TA,1,336,2,1244,150000
RL,CollgCr,75.0,9742,8,5,2002,2002,1795,2,3,Gd,2,534,1,1777,230000
RL,Gilbert,,9248,6,6,1992,1992,1167,2,3,Gd,2,400,0,1158,173000
RL,Somerst,78.0,9262,8,5,2008,2009,1578,2,3,Ex,3,840,1,1573,287090
RL,Timber,85.0,14191,8,5,2002,2002,1908,2,4,Gd,2,431,0,967,202900
RM,OldTown,60.0,5586,6,7,1920,1998,1198,1,4,TA,0,0,0,901,79900
RL,NridgHt,110.0,14977,8,5,2006,2007,1976,2,2,Gd,3,908,1,1976,440000
RM,OldTown,57.0,9906,4,4,1925,1950,1328,1,3,TA,1,210,0,686,107000
RL,CollgCr,,9286,5,7,1977,1989,1268,1,3,Gd,1,252,0,1268,143500
FV,Somerst,35.0,4017,7,5,2006,2007,1250,2,2,Gd,2,625,0,625,171900
RL,Edwards,75.0,9825,5,5,1965,1965,1664,2,4,TA,0,0,0,0,100000
RL,NWAmes,90.0,11700,6,6,1968,1968,1416,2,3,TA,2,776,1,708,179900
C (all),OldTown,60.0,7200,6,6,1910,1998,2291,2,4,TA,2,506,1,1214,133900
RL,Mitchel,43.0,12118,7,5,2004,2005,1710,2,3,Gd,2,550,1,1710,240000
RM,BrkSide,50.0,6000,5,7,1921,1950,616,1,2,TA,1,205,0,616,89000
RL,NAmes,,10659,5,6,1961,1961,1050,1,3,TA,1,368,0,1050,136500
RL,ClearCr,,13500,6,7,1960,1975,1252,1,1,TA,2,564,1,1602,235000
RL,CollgCr,60.0,8072,5,5,1994,1995,990,1,3,TA,2,480,0,990,138000
RL,NAmes,68.0,9717,5,6,1950,1996,1078,1,2,Gd,1,240,0,1078,142125
RL,ClearCr,,12205,6,8,1966,2007,2087,2,5,Gd,2,444,0,832,187500
RL,NAmes,,14585,6,6,1960,1987,1429,1,3,Gd,2,572,2,1144,181900
RM,OldTown,76.0,7630,5,9,1900,1996,1812,2,4,Gd,2,672,1,360,140000
RL,NAmes,65.0,10482,6,8,1958,1958,1138,1,3,TA,1,264,0,588,145000
RL,NWAmes,70.0,12243,5,6,1971,1971,1484,2,3,TA,2,487,1,1484,175000
RL,Blmngtn,,3196,7,5,2003,2004,1557,2,2,Gd,2,420,1,1374,234000
RM,IDOTRR,40.0,4800,4,7,1916,1990,1196,1,2,TA,2,440,0,1196,109900
RL,NAmes,70.0,9100,5,5,1958,1958,864,1,3,TA,2,624,0,864,129900
RL,NAmes,80.0,9250,5,7,1954,2005,1056,1,3,TA,1,260,0,1056,139400
RL,NoRidge,92.0,10120,8,5,1994,1994,2526,2,4,Gd,3,844,1,1165,290000
RL,Blmngtn,43.0,3182,7,5,2005,2006,1145,2,2,Gd,2,397,1,1145,160200
RL,Sawyer,,11616,5,5,1962,1962,1092,1,3,TA,1,288,1,1092,139000
RM,OldTown,60.0,9600,5,7,1910,2002,1432,2,2,TA,2,360,0,264,132000
RL,NAmes,80.0,11900,6,5,1957,1957,1392,1,3,TA,2,458,2,1392,166000
RL,CollgCr,65.0,8461,6,5,2005,2006,1456,2,3,Gd,2,390,1,728,163990
RL,NAmes,72.0,10007,5,7,1959,2006,1053,1,3,Gd,1,312,0,1053,145500
RH,SWISU,60.0,10896,6,7,1914,1995,3395,2,8,Fa,0,0,0,1440,200000
RL,NAmes,,9830,5,7,1959,2006,1287,1,3,Gd,2,576,1,1063,162000
RM,IDOTRR,71.0,6900,5,6,1940,1955,778,1,2,TA,1,924,1,740,120500
RM,BrDale,21.0,1680,6,5,1971,1971,1092,1,3,TA,1,264,0,525,88000
RL,BrkSide,52.0,5825,4,5,1926,1953,747,1,1,TA,2,528,0,600,79900
RL,Gilbert,,12394,7,5,2003,2003,1733,2,3,Gd,2,433,1,847,225000
RL,Timber,67.0,10656,8,5,2006,2007,1646,2,3,Gd,3,870,1,1638,248900
RL,Mitchel,48.0,12822,7,5,2003,2003,2149,1,1,Gd,2,670,1,1434,239686
RL,ClearCr,,36500,5,5,1964,1964,1582,2,4,TA,2,390,0,1624,190000
RM,OldTown,121.0,17671,8,9,1882,1986,1742,1,4,Gd,2,424,1,916,168000
RL,Mitchel,94.0,25286,4,5,1963,1963,1040,1,3,TA,2,648,0,1064,132250
RL,NAmes,70.0,10150,5,5,1958,1958,912,1,2,TA,1,275,0,912,114500
RL,NoRidge,84.0,14260,8,5,2000,2000,2198,2,4,Gd,3,836,1,1145,250000
RL,NWAmes,,11500,5,6,1976,1976,1680,2,4,TA,2,528,0,1680,136905
RL,Crawfor,,14100,8,9,1935,1997,3447,3,4,Gd,3,1014,2,728,381000
RM,OldTown,50.0,5500,5,7,1929,2001,1316,1,3,TA,2,484,0,926,130000
RL,SWISU,51.0,9842,5,6,1921,1998,2601,3,4,TA,2,621,0,612,189000
RM,BrDale,24.0,2368,5,6,1970,1970,1365,1,3,TA,2,440,0,765,125000
RL,Blmngtn,53.0,3922,7,5,2006,2007,1258,2,2,Gd,3,648,1,1258,172500
RL,Somerst,75.0,11957,8,5,2006,2006,1574,2,3,Gd,3,824,1,1574,232000
RL,NAmes,,15870,5,5,1969,1969,1096,1,3,TA,1,299,0,1096,138800
RM,BrDale,21.0,1680,6,5,1973,1973,987,1,2,TA,1,264,0,483,100000
RM,Edwards,32.0,3363,7,5,2004,2004,1708,2,3,Gd,2,380,0,976,130000
RM,OldTown,87.0,18386,7,9,1880,2002,3493,3,3,Gd,3,870,1,1470,295000
RL,Gilbert,152.0,12134,8,7,1988,2005,1752,2,4,TA,2,492,0,559,164000
RL,Timber,150.0,215245,7,5,1965,1965,2036,2,3,TA,2,513,2,2136,375000
RM,BrkSide,,6240,5,4,1936,1950,1344,1,3,TA,1,240,0,896,115000
RL,NAmes,70.0,10500,5,7,1971,2005,1109,1,3,TA,1,288,0,372,139000
RL,Gilbert,,13869,6,6,1997,1997,1470,2,3,TA,2,388,0,794,177000
RL,NAmes,60.0,7350,5,7,1951,1951,952,1,2,TA,2,840,0,952,139000
RL,Crawfor,,21695,6,9,1988,2007,1680,2,3,Gd,2,540,1,880,222000
RL,NAmes,100.0,10004,6,6,1964,1964,1516,1,3,TA,2,472,0,1516,167000
RL,NridgHt,93.0,12085,8,5,2007,2007,1734,2,3,Ex,3,928,1,1734,318000
RL,StoneBr,,6820,8,5,1985,1985,1502,1,1,Gd,2,528,0,1488,212000
RL,NridgHt,36.0,2268,7,5,2003,2004,1626,2,2,Gd,2,474,0,764,173000
RM,IDOTRR,60.0,10320,6,7,1906,1995,1469,1,3,TA,1,216,0,756,135000
FV,Somerst,65.0,8125,7,5,2006,2007,1550,2,2,Gd,2,438,0,1092,241000
RL,NridgHt,40.0,6792,7,5,2005,2006,1368,2,2,Gd,2,474,1,1368,202665
RL,NridgHt,111.0,16259,9,5,2006,2006,2596,3,4,Gd,3,840,0,1249,342643
RL,NAmes,70.0,7560,5,6,1958,1965,1339,1,3,TA,1,294,0,1029,139000
RL,NoRidge,58.0,16770,7,5,1998,1998,1839,2,4,TA,2,486,0,1195,221000
RL,NridgHt,108.0,13418,8,5,2004,2005,2452,3,4,Gd,3,691,1,1117,309000
RL,Gilbert,63.0,7875,7,5,2003,2003,1509,2,3,Gd,2,393,1,783,180000
RL,SawyerW,65.0,8529,7,5,2001,2001,1434,2,3,Gd,2,527,1,1454,189000
RL,SawyerW,,7153,6,5,1991,1991,1294,2,3,Gd,2,496,0,1278,179200
RL,Crawfor,63.0,15576,6,7,1915,1976,1680,2,4,TA,1,308,0,840,177000
RL,SawyerW,70.0,8462,6,5,1994,1994,1721,2,3,Gd,2,471,0,928,201000
RL,NAmes,,12735,4,5,1972,1972,864,1,3,TA,2,576,0,864,111250
FV,Somerst,24.0,2280,7,5,1999,1999,1501,2,3,TA,2,440,0,744,179400
RM,OldTown,85.0,13600,5,5,1900,1950,2337,2,5,TA,2,560,0,662,90000
RL,NWAmes,80.0,10400,7,5,1988,1988,1872,2,3,TA,2,604,1,1845,241500
RL,Gilbert,182.0,14572,7,5,2004,2004,1530,2,3,Gd,3,630,1,1530,259000
RM,OldTown,35.0,6300,6,6,1914,2001,1484,2,3,TA,0,0,1,742,128000
RM,MeadowV,21.0,1526,4,8,1970,2002,630,1,1,Gd,1,286,0,630,86000
RM,OldTown,84.0,11340,6,5,1923,1950,1200,1,4,TA,1,312,0,1200,125000
RL,NWAmes,,12227,6,7,1977,1995,2872,2,4,TA,2,619,1,1330,272000
RL,NAmes,,12095,6,6,1964,1964,1445,1,3,TA,2,645,1,1127,158000
RL,NAmes,87.0,10000,6,6,1962,1962,1116,1,3,TA,2,440,0,1116,160000
RL,StoneBr,,5062,7,5,1984,1984,2090,2,3,Gd,2,577,1,1190,207500
RL,NAmes,,7032,5,5,1979,1979,943,1,2,TA,2,600,2,943,135960
RL,SWISU,51.0,6171,6,6,1925,1990,1608,2,3,Gd,1,216,1,976,137450
RL,Sawyer,72.0,10791,4,5,1967,1967,1296,2,2,TA,2,516,0,0,90000
RM,OldTown,55.0,4388,5,7,1930,1950,840,1,3,TA,0,0,1,672,87000
RL,NWAmes,,9900,7,5,1968,1968,1978,2,4,TA,2,486,1,832,176000
RL,NAmes,,12122,7,9,1961,2007,999,1,3,Ex,2,588,0,944,178400
RL,NPkVill,,4928,6,6,1976,1976,958,2,2,TA,2,440,0,958,143750
RL,Crawfor,70.0,10570,8,8,1932,1994,2727,2,3,Gd,2,440,2,853,315000
RL,BrkSide,98.0,8731,5,5,1920,1950,1167,1,3,TA,2,495,1,915,144000
RL,NAmes,80.0,9760,6,8,1964,1993,1851,2,3,Gd,2,440,1,822,187000
RL,NAmes,80.0,10721,6,6,1959,1959,1252,1,3,Gd,2,528,0,1252,142000
RM,BrkSide,52.0,6240,4,5,1947,1950,912,1,2,TA,0,0,0,0,80500
RL,CollgCr,82.0,12464,5,5,1996,1996,1040,1,3,Gd,2,576,0,1040,152000
FV,Somerst,,2117,6,5,2000,2000,1525,2,3,Gd,2,440,1,756,177000
RL,CollgCr,66.0,16226,8,5,1998,1999,2452,2,4,Gd,2,683,1,1028,267000
RL,NoRidge,,12692,8,5,1992,1993,3228,3,4,Gd,2,546,1,3200,430000
RL,Gilbert,59.0,9587,7,5,2005,2005,1166,2,2,Gd,2,400,0,856,190000
RL,NAmes,78.0,10496,6,6,1949,1950,1846,2,3,TA,1,315,1,1040,143000
RL,NWAmes,78.0,10140,5,6,1975,1975,1074,1,3,TA,2,495,0,1056,153500
RL,NoRidge,79.0,10208,7,5,1996,1997,2344,2,3,Gd,3,889,1,1264,265000
RL,NAmes,60.0,9600,5,7,1949,2003,893,1,2,Gd,2,576,0,845,135000
RL,CollgCr,75.0,13125,6,5,1997,1998,1493,2,3,Gd,2,508,1,1478,208900
RL,Timber,92.0,12003,8,5,2009,2010,1968,2,4,Ex,3,680,1,774,269500
RL,NAmes,,11241,6,7,1970,1970,1004,1,2,TA,2,480,1,1004,149000
RL,Edwards,50.0,7585,5,3,1948,1950,1456,1,4,TA,1,280,1,810,91500
RL,BrkSide,70.0,8737,6,7,1923,1950,1635,1,3,TA,2,440,1,1065,210000
RL,NAmes,78.0,17503,6,5,1948,1950,1458,1,3,TA,1,330,1,912,97500
RM,Mitchel,,4500,6,5,1999,1999,1224,2,2,TA,2,402,0,1224,165000
RL,Blmngtn,43.0,3013,7,5,2005,2005,1506,2,2,Gd,2,440,1,1362,213490
RL,NAmes,89.0,10680,5,3,1951,1951,2136,2,4,TA,2,528,0,2136,137900
FV,Somerst,24.0,2572,7,5,1999,1999,1416,2,3,Gd,2,484,0,696,155000
RL,NoRidge,,11400,10,5,2001,2002,2633,2,2,Ex,3,804,2,2633,466500
RL,Somerst,74.0,9612,8,5,2008,2009,1468,2,3,Gd,3,898,1,1468,244600
RL,NAmes,57.0,7677,5,5,1953,1953,773,1,2,TA,1,240,0,773,110000
RM,BrDale,21.0,1680,5,5,1971,1971,1302,2,3,TA,1,280,0,630,112000
RL,NAmes,60.0,7200,5,7,1951,2000,900,1,3,Gd,2,576,0,900,134800
RM,BrkSide,50.0,6000,6,7,1926,2004,904,1,2,TA,1,180,0,884,119000
RL,Crawfor,,16381,6,5,1969,1969,1844,2,3,Gd,2,540,1,1844,223000
RL,Blmngtn,43.0,3182,7,5,2005,2006,1555,2,2,Gd,2,430,1,1373,192500
RL,NAmes,74.0,8532,5,6,1954,1990,1297,1,3,TA,2,498,1,1297,153000
RL,Edwards,50.0,8405,4,3,1945,1950,1529,2,4,TA,1,240,0,0,98000
RL,Edwards,,13680,3,5,1955,1955,1733,2,4,TA,2,452,1,0,139600
RL,SawyerW,76.0,9291,6,5,1993,1993,1710,2,3,Gd,2,506,0,832,187000
RL,NWAmes,78.0,12090,6,7,1984,2003,1868,3,3,TA,2,477,1,585,178000
RL,Mitchel,80.0,17400,5,5,1977,1977,1126,2,3,TA,2,484,1,1126,160000
FV,Somerst,,5105,7,5,2004,2004,1102,2,2,Gd,2,480,0,551,148800
RL,Crawfor,57.0,7558,6,6,1928,1950,1913,1,3,TA,2,342,1,896,177000
RL,Blmngtn,53.0,3982,8,5,2006,2006,1567,2,1,Ex,3,648,1,1520,264561
RL,NAmes,80.0,9600,5,6,1956,1956,1050,1,2,TA,1,338,0,1050,128900
RL,Somerst,92.0,11932,8,5,2007,2008,1580,2,3,Gd,3,830,0,1580,235128
FV,Somerst,72.0,8640,8,5,2009,2009,1314,2,3,Gd,2,552,0,1300,229456
RM,OldTown,60.0,10440,6,7,1920,1950,2792,2,5,TA,2,520,2,1510,256000
RL,ClearCr,79.0,12798,6,5,1997,1997,1688,2,4,Gd,2,603,0,616,200000
RL,Veenker,,11120,6,6,1984,1984,1232,2,3,TA,2,516,0,1232,162500
RM,Blueste,24.0,1300,6,6,1980,1980,1229,1,2,TA,2,462,1,561,124000
RL,OldTown,107.0,10615,3,5,1900,1970,1699,2,3,TA,2,420,0,978,95000
RM,OldTown,60.0,6000,4,4,1953,1953,936,1,2,TA,2,576,0,936,93000
RL,CollgCr,41.0,12393,7,5,2004,2005,1948,2,4,Gd,2,434,1,847,195000
RL,NridgHt,74.0,8834,9,5,2004,2005,2224,2,4,Ex,3,738,1,1462,350000
RH,Crawfor,82.0,6270,5,6,1949,1950,2002,2,4,TA,3,871,0,1001,145000
RL,NWAmes,,14803,6,5,1971,1971,1993,2,4,TA,2,495,1,825,190000
RL,CollgCr,95.0,13450,7,5,2002,2002,1861,2,3,Gd,2,492,0,916,200000
RL,NAmes,80.0,9600,5,6,1959,1959,1041,1,3,TA,1,270,0,1041,124500
RM,BrkSide,60.0,6180,6,5,1926,1950,986,1,2,TA,1,180,1,960,102000
RL,NridgHt,,3136,7,5,2003,2003,1405,2,2,Gd,2,478,1,1405,171750
RL,CollgCr,94.0,10402,7,5,2009,2009,1226,2,3,Gd,3,740,0,1226,198900
RL,BrkSide,55.0,10267,6,7,1918,2000,838,1,2,Fa,1,275,0,816,130000
RL,Edwards,45.0,8212,3,3,1914,1950,864,1,2,TA,1,200,0,864,58500
RL,Sawyer,,9000,5,3,1959,1959,1006,1,3,TA,0,0,0,1006,80000
RL,Veenker,68.0,50271,9,5,1981,1987,1842,0,0,Gd,3,894,1,1842,385000
RL,NridgHt,107.0,13891,8,5,2007,2008,1710,2,2,Gd,3,866,1,1710,372402
RL,NoRidge,93.0,12090,8,5,1998,1998,2263,2,4,Gd,2,420,1,1141,258000
RM,OldTown,60.0,11340,4,6,1885,1950,2290,2,4,TA,2,560,0,777,122500
RL,NAmes,,12493,4,5,1960,1960,1100,1,3,TA,1,312,1,1100,141000
RL,NAmes,,12925,6,7,1970,1970,2117,2,4,TA,2,550,2,1205,237500
RL,Edwards,,8926,4,3,1956,1956,960,1,3,TA,1,288,0,672,112000
RM,OldTown,51.0,6120,7,5,1931,1950,1774,2,2,TA,2,468,2,952,129900
RL,NAmes,60.0,11664,6,5,1948,1950,1082,1,2,TA,1,240,1,1082,119200
RM,OldTown,100.0,12000,5,7,1948,2005,1122,1,2,Gd,2,528,0,924,147000
RL,StoneBr,41.0,4920,8,5,2001,2001,1338,2,2,Gd,2,582,0,1338,213500
RL,Timber,,9303,6,5,1996,1997,1756,2,3,TA,2,422,0,872,204000
RL,NAmes,85.0,9350,6,7,1964,1991,1302,2,3,Gd,1,309,0,1302,158000
RM,IDOTRR,50.0,8765,4,6,1936,1950,951,1,2,TA,1,327,0,951,106500
RM,BrDale,21.0,1953,6,5,1973,1973,987,1,2,TA,1,264,0,483,83000
RL,Edwards,60.0,7024,5,5,2005,2006,1090,1,2,TA,2,450,0,1090,157000
RL,Edwards,60.0,10998,5,5,1941,1960,1604,2,3,TA,2,660,0,984,117000
FV,Somerst,,2117,6,5,2000,2000,1512,2,2,Gd,2,440,1,756,168500
RL,BrkSide,65.0,6435,6,5,1939,1950,1577,1,3,Fa,1,312,1,972,140200
RL,Veenker,,17542,7,7,1974,2003,2167,2,3,Gd,2,518,2,1192,294000
RL,Sawyer,88.0,8471,6,7,1977,1995,1212,1,3,TA,2,492,1,506,151000
RL,CollgCr,120.0,10356,5,6,1975,1975,969,1,3,TA,2,440,0,969,122000
RM,Edwards,35.0,3675,6,5,2005,2005,1072,1,2,TA,2,525,0,547,148000
RL,NridgHt,62.0,12677,8,5,2003,2004,1518,1,1,Ex,2,588,1,1518,274000
RL,Mitchel,,26142,5,7,1962,1962,1188,1,3,TA,1,312,0,1188,157900
FV,Somerst,85.0,10625,7,5,2005,2005,1958,2,3,Gd,3,936,1,1026,250000
RL,NPkVill,53.0,4043,6,6,1977,1977,1069,2,2,TA,2,440,0,1069,140000
RL,CollgCr,,11838,8,5,2001,2001,1788,2,3,Ex,2,522,1,1753,236500
RL,OldTown,60.0,10800,5,4,1900,1970,2414,2,3,TA,2,520,1,954,160000
RL,BrkSide,,6627,3,6,1949,1950,720,1,2,TA,1,287,0,0,72500
RL,NAmes,76.0,9120,6,6,1958,1958,1261,1,3,TA,2,433,1,1261,163000
RM,BrkSide,51.0,6120,5,7,1931,1993,875,1,2,TA,1,180,0,715,105000
RL,Sawyer,60.0,10200,5,8,1940,1997,672,1,2,TA,1,240,0,672,108000
RL,Edwards,35.0,9400,6,5,1975,1975,980,2,4,TA,0,0,0,945,127500
RL,OldTown,60.0,10410,3,4,1915,1950,1214,1,3,TA,3,936,0,672,105000
RL,Edwards,75.0,9937,5,7,1964,1999,1486,1,3,TA,2,480,0,1486,167000
RL,Crawfor,74.0,11988,6,7,1934,1995,1660,1,3,TA,1,240,1,715,188700
RL,Mitchel,,9947,7,5,1990,1991,1217,2,3,Gd,2,497,0,1188,173000
RL,Crawfor,75.0,12000,7,7,1941,1950,1564,1,3,Fa,1,234,1,704,174500
RL,Gilbert,60.0,15384,7,5,2004,2005,1490,2,3,Gd,2,388,1,788,184000
RL,Crawfor,78.0,12168,8,6,1934,1998,3194,2,4,TA,2,380,2,965,359100
RL,CollgCr,78.0,10335,7,5,1999,1999,1501,2,3,Gd,2,577,0,1490,204000
RL,Gilbert,,7750,7,5,2003,2003,1320,2,3,Gd,2,400,0,660,162000
RL,NoRidge,98.0,12203,8,5,1998,1999,2612,2,4,Gd,3,676,1,1225,336000
RL,NAmes,174.0,25419,8,4,1918,1990,3112,2,4,Gd,2,795,1,1360,235000
RL,SWISU,60.0,6204,4,5,1912,1950,2230,1,5,TA,1,440,0,795,118500
RL,ClearCr,83.0,10005,7,5,1977,1977,2022,2,4,TA,2,505,1,1160,192000
RL,NWAmes,,16659,7,7,1977,1994,2263,2,3,Gd,2,539,1,795,235000
RL,Gilbert,63.0,9084,7,5,1998,1998,1632,2,3,TA,2,462,1,935,176500
RL,Veenker,38.0,14963,8,5,1996,1996,1288,1,1,Ex,2,500,2,1260,245500
RL,NAmes,75.0,9464,6,7,1958,1958,1080,1,3,TA,1,288,0,1080,136000
RL,CollgCr,70.0,9135,6,5,2003,2003,1700,2,3,Gd,2,544,0,1682,200000
RL,OldTown,50.0,7000,6,6,1924,1950,1310,2,2,TA,1,398,0,617,112000
RL,Sawyer,60.0,9600,4,7,1950,1995,1067,2,2,Gd,2,436,0,1067,128000
RM,OldTown,69.0,9142,6,8,1910,1950,1928,2,4,Fa,1,440,0,1020,137000
RL,NWAmes,80.0,16692,7,5,1978,1978,2784,3,5,Gd,2,564,2,1392,250000
RL,CollgCr,75.0,9750,7,6,1998,1998,2097,2,3,Gd,2,583,1,1108,274300
RM,IDOTRR,,5890,6,8,1930,2007,816,1,2,TA,1,432,0,816,120500
RL,ClearCr,,53107,6,5,1992,1992,1953,2,3,Gd,2,501,2,1580,240000
RL,StoneBr,40.0,5664,8,5,2000,2000,1659,2,2,Ex,2,499,1,1501,278000
RL,Sawyer,102.0,17920,5,4,1955,1974,1779,1,3,TA,2,454,1,1763,170000
RL,Blmngtn,43.0,3010,7,5,2005,2006,1248,2,2,Gd,2,438,0,1248,167240
FV,Somerst,,7050,7,5,2001,2001,1929,2,3,Gd,2,650,1,1057,226000
RL,Veenker,80.0,9600,6,8,1976,1976,1262,2,3,TA,2,460,1,1262,181500
RL,CollgCr,77.0,9965,7,5,2007,2007,2696,2,4,Ex,3,792,1,1264,383970
RL,Sawyer,65.0,8450,5,8,1965,2009,894,1,3,TA,1,336,1,894,138500
RM,OldTown,60.0,10800,6,7,1905,2000,1912,2,3,TA,2,672,1,482,163000
RH,SawyerW,60.0,7800,5,5,1965,1965,965,1,3,TA,1,300,0,828,119900
RL,Mitchel,94.0,9400,6,5,1971,1971,1824,2,4,TA,0,0,0,912,139000
RL,CollgCr,,14781,8,5,2001,2002,1787,2,3,Gd,3,748,1,1753,275000
RL,Edwards,92.0,12108,4,4,1955,1955,1440,2,4,Fa,0,0,0,1440,118000
RL,NAmes,80.0,9600,6,5,1950,1950,1252,1,3,TA,1,288,0,1032,119000
RL,NoRidge,91.0,14303,8,5,1994,1994,1987,2,2,Gd,2,691,1,1986,301500
RL,Edwards,90.0,10012,4,5,1972,1972,1181,2,3,TA,2,588,0,1138,137500
RL,Gilbert,93.0,10261,6,5,2000,2000,1792,2,3,TA,2,451,1,936,186500
RL,Edwards,56.0,4060,5,8,1922,1950,864,1,2,TA,0,0,0,864,99900
RL,NAmes,80.0,8700,5,6,1963,1963,1128,2,3,TA,2,525,0,1120,155000
FV,Somerst,75.0,9000,8,5,2006,2006,1959,2,3,Gd,3,1025,1,1088,270000
RL,NAmes,70.0,7700,6,5,1966,1966,1839,1,4,TA,2,442,1,756,155000
RL,Sawyer,,7162,5,7,1966,1966,904,1,3,TA,1,408,0,876,109900
RL,CollgCr,61.0,8800,5,7,1977,2008,1040,2,3,Gd,2,484,0,1040,150500
RL,SawyerW,55.0,7892,6,5,1979,1979,918,2,2,TA,1,264,1,918,99500
RL,NAmes,80.0,9600,6,6,1955,1972,1520,1,3,TA,1,364,2,1156,153000
RL,NWAmes,85.0,11900,7,5,1977,1977,1411,2,3,TA,2,544,1,1386,82500
RM,OldTown,60.0,9600,6,5,1917,1950,2058,1,3,TA,2,396,1,735,129500
RL,Edwards,,19690,6,7,1966,1966,2201,2,4,Gd,2,432,1,697,274970
RL,Edwards,60.0,6931,7,5,2003,2004,1656,2,3,Gd,2,397,1,746,165400
RL,SawyerW,,16196,7,5,1998,1998,1494,2,3,Gd,2,514,1,1482,215000
RL,SawyerW,70.0,8400,6,6,1980,1981,1564,2,3,TA,2,476,1,650,171000
RL,NAmes,,10530,6,5,1971,1971,981,1,3,TA,2,576,0,981,143250
RL,Crawfor,55.0,10592,6,7,1923,1996,1502,1,3,Gd,1,180,2,602,165000
RL,NAmes,69.0,14850,5,5,1957,1957,1092,1,2,TA,1,299,1,1092,141000
RH,SWISU,55.0,4500,5,5,1932,2000,1520,1,3,TA,1,281,0,793,159434
RL,Sawyer,96.0,11777,5,6,1966,1966,1320,1,3,TA,2,564,2,1164,164500
RL,NridgHt,107.0,11362,8,5,2004,2005,1836,2,3,Gd,3,862,1,1836,280000
RM,OldTown,60.0,10120,7,4,1910,1950,1889,1,4,TA,1,308,1,925,122000
RL,OldTown,60.0,10800,5,6,1920,1950,1130,1,2,TA,2,720,1,1120,120000
RL,NoRidge,95.0,11787,7,5,1996,1997,2398,2,3,Gd,3,834,1,1379,315750
RL,Crawfor,,11275,6,7,1932,1950,1991,1,3,TA,2,432,1,854,220000
RL,Timber,85.0,14601,9,5,2006,2006,1838,2,2,Ex,3,765,1,1838,315000
RL,Sawyer,80.0,9364,6,7,1969,1969,1352,1,4,TA,1,299,0,663,158000
RL,NoRidge,59.0,10593,7,5,1996,1996,1720,2,3,Gd,2,527,1,1720,260400
RL,NAmes,70.0,9247,6,6,1962,1962,1716,1,4,TA,2,490,1,858,171000
RL,Sawyer,,7758,5,7,1962,2001,999,1,3,Gd,1,264,0,999,132500
RL,Gilbert,,9765,6,8,1993,1993,1470,2,3,TA,2,420,1,680,185000
RL,Edwards,60.0,7024,4,5,2005,2005,1132,1,2,Gd,2,451,0,1132,176000
RL,Edwards,66.0,21780,6,7,1918,1950,1674,2,4,TA,2,396,1,1163,185000
RH,NAmes,34.0,4060,6,5,1998,1999,1337,2,2,Gd,2,511,0,1405,181000
RL,SawyerW,65.0,8450,7,5,2000,2001,1349,2,3,TA,2,539,0,1349,179000
RL,NAmes,70.0,7931,5,5,1959,1959,1148,1,3,TA,1,672,0,1148,132500
RL,Sawyer,70.0,11184,6,5,1978,1978,1683,2,3,TA,2,440,1,918,172500
RM,MeadowV,21.0,1533,4,6,1970,2008,1344,1,3,TA,0,0,1,546,97000
RL,Sawyer,40.0,13673,5,5,1962,1962,1696,1,3,TA,1,349,1,1140,143900
RL,NAmes,,8339,5,7,1959,1959,882,1,3,TA,1,294,0,0,106500
RL,Gilbert,,10832,7,5,1994,1996,1895,2,3,Gd,2,409,1,712,194500
RL,NAmes,60.0,6600,5,5,1962,1962,894,1,2,TA,1,308,0,894,109500
RL,NAmes,69.0,7590,5,5,1962,1962,1812,2,4,TA,1,264,1,864,169500
RL,NWAmes,80.0,10421,7,5,1988,1988,1714,2,3,TA,2,496,1,980,196500
RL,SawyerW,66.0,13695,6,5,2003,2004,1114,1,3,Gd,2,576,0,1114,155000
RL,Somerst,83.0,9849,7,6,2007,2007,1689,2,3,Gd,3,954,0,1689,248328
RL,NAmes,79.0,9492,5,5,1941,1950,1376,1,3,TA,1,240,1,768,105000
RL,NAmes,75.0,13860,8,7,1972,1995,2704,2,4,Ex,2,538,3,1952,345000
RL,CollgCr,,11885,8,5,2001,2001,1872,2,3,Ex,2,531,1,1299,261500
RL,BrkSide,50.0,7207,5,7,1958,2008,858,1,2,TA,0,0,0,858,116500
RL,NAmes,60.0,6960,4,6,1970,1970,864,1,3,Gd,2,660,0,864,120500
RL,CollgCr,90.0,11248,9,5,2002,2002,1668,2,3,Gd,3,702,1,1626,285000
RL,Edwards,85.0,10625,5,5,1920,1950,835,1,2,TA,1,366,0,458,83000
RL,NAmes,75.0,9000,5,5,1954,1954,1128,1,2,TA,1,286,0,936,118000
RL,SWISU,51.0,10480,6,5,1936,1950,1639,1,3,TA,1,240,0,1064,115000
RL,Edwards,70.0,9170,5,7,1965,1965,1214,1,2,TA,2,461,0,1214,140000
RL,NWAmes,78.0,11700,6,6,1968,1968,1556,1,4,TA,2,441,0,727,154000
RL,NridgHt,43.0,7052,7,5,2005,2005,1364,2,2,Gd,2,484,1,1364,185850
RL,Gilbert,,13006,7,5,1997,1997,2236,2,4,Gd,2,642,1,964,222000
RL,Mitchel,78.0,10530,6,5,1977,1977,1004,1,2,TA,2,504,0,975,135000
RM,Edwards,80.0,8546,4,5,2003,2004,1121,2,2,TA,2,440,0,1121,140000
RL,Sawyer,78.0,10335,5,6,1968,1993,1721,2,3,TA,2,440,1,1461,180000
RL,CollgCr,103.0,11175,7,5,2007,2007,1316,2,3,Gd,2,440,1,1316,200141
RL,NAmes,84.0,8658,6,5,1965,1965,1324,2,3,TA,2,440,1,1088,160000
RL,StoneBr,,5814,8,5,1984,1984,1360,1,1,Gd,2,565,1,1220,187500
RL,NAmes,73.0,8760,6,6,1959,1959,1194,1,3,TA,1,312,0,1194,148000
RL,StoneBr,88.0,11394,9,2,2010,2010,1856,1,1,Ex,3,834,1,1856,394432
RL,Sawyer,,9819,5,5,1967,1967,900,1,3,TA,1,280,0,882,122000
RL,Edwards,60.0,8160,5,6,1940,1950,1134,1,3,TA,1,240,0,756,126000
RL,Mitchel,71.0,12209,6,5,2001,2002,1961,2,3,Gd,2,560,1,804,215000
RL,Mitchel,60.0,6600,5,8,1982,2003,816,1,2,TA,2,816,0,816,138000
RL,Sawyer,109.0,8724,5,5,1968,1968,894,1,3,TA,2,450,1,894,129000
RM,MeadowV,,1974,4,5,1973,1973,1092,1,3,TA,1,286,0,546,83500
RL,Edwards,85.0,10452,6,5,1953,1953,1094,1,3,TA,2,495,2,1094,155000
RL,Crawfor,90.0,14115,6,7,1956,2004,1811,1,2,Ex,2,470,1,1073,230000
RL,OldTown,60.0,10800,4,7,1900,2000,1294,2,3,TA,0,0,0,0,106250
RL,CollgCr,,9375,7,5,1997,1998,2034,2,3,Gd,2,645,0,1057,219500
RL,NAmes,,10920,6,5,1960,1960,1253,1,2,TA,1,352,1,1253,157000
RL,Timber,,11170,7,5,1990,1991,2514,2,4,TA,2,693,0,1216,250000
RL,NAmes,,11000,5,6,1966,1966,1154,1,3,TA,2,480,1,1154,154000
RL,Gilbert,105.0,15578,6,5,2006,2006,1456,2,3,TA,2,429,0,728,172785
RL,Gilbert,60.0,8123,6,5,2000,2000,1800,2,3,TA,2,463,1,982,179000
RL,OldTown,60.0,10410,5,7,1916,1987,1656,2,3,TA,1,180,0,660,135000
RL,NoRidge,82.0,9430,8,5,1999,1999,2365,2,3,Gd,3,856,1,1252,337000
RL,CollgCr,65.0,8450,7,5,2004,2004,1436,2,3,Gd,2,484,0,1436,210000
RL,Mitchel,,11333,6,5,1976,1976,1062,1,3,TA,2,539,2,1029,146800
RL,OldTown,60.0,10800,5,8,1936,1989,1466,2,3,Gd,2,566,1,796,170000
RL,Sawyer,88.0,11782,5,7,1961,1995,1155,1,3,Gd,2,576,0,1109,148000
RL,CollgCr,70.0,9135,7,5,2002,2003,1536,2,3,Gd,2,532,0,1536,214000
RL,CollgCr,69.0,9920,5,6,1969,1969,971,1,3,TA,1,300,1,971,128500
RL,Mitchel,37.0,7937,6,6,1984,1984,1003,1,3,TA,2,588,0,1003,142500
RL,CollgCr,73.0,11883,7,5,1996,1996,1504,2,3,Gd,2,478,1,1504,203000
RL,NAmes,95.0,11345,5,5,1948,1950,1920,2,4,TA,2,400,0,928,137000
RL,NWAmes,80.0,9600,7,6,1973,1973,1242,1,3,TA,2,528,1,1242,175500
RL,Crawfor,66.0,9042,7,9,1941,2006,2340,2,4,Gd,1,252,2,1152,266500
RL,CollgCr,48.0,12137,7,5,1998,1998,1661,2,3,Gd,2,598,0,1649,224900
RL,Edwards,,7917,6,7,1976,1976,1113,1,3,TA,1,504,1,1143,148000
RL,BrkSide,51.0,4712,4,7,1946,1950,1230,1,3,TA,1,305,0,747,121600
RL,Mitchel,75.0,10125,6,6,1977,1977,1279,2,3,TA,2,473,2,1196,171500
RL,NridgHt,110.0,13688,9,5,2003,2004,2668,2,3,Ex,3,726,2,1572,412500
RM,IDOTRR,52.0,6240,4,5,1925,1950,1208,1,2,TA,2,539,0,780,103000
RL,CollgCr,65.0,8767,7,5,2005,2005,1310,2,3,Gd,2,400,1,1310,164990
RL,StoneBr,82.0,12438,8,5,2006,2006,2576,2,4,Ex,3,666,1,1234,361919
RM,OldTown,60.0,7200,5,5,1980,1980,936,1,2,TA,2,672,0,936,140000
RL,SWISU,66.0,6858,6,4,1915,1950,1647,1,4,Fa,1,216,0,806,128000
RL,CollgCr,64.0,7406,7,5,2006,2006,1220,2,2,Gd,2,632,0,1199,194000
RL,CollgCr,70.0,7700,5,5,1972,1972,882,1,3,TA,2,461,0,882,112500
RM,BrDale,24.0,2016,5,5,1970,1970,1302,2,3,TA,2,440,0,630,106000
RL,Gilbert,99.0,11851,7,5,1990,1990,1442,2,3,TA,2,500,0,1424,180500
RL,NridgHt,60.0,7313,9,5,2005,2005,1561,2,2,Ex,2,556,1,1561,277500
RM,Mitchel,32.0,4500,6,5,1998,1998,1204,2,2,TA,2,412,0,1204,162000
RM,OldTown,60.0,9600,7,9,1928,2005,1378,2,3,Gd,2,360,1,689,161000
RM,CollgCr,,4426,6,5,2004,2004,848,1,1,Gd,2,420,1,848,149300
RL,CollgCr,70.0,9100,7,5,2000,2000,1525,2,3,Gd,2,541,0,1525,235000
RL,NAmes,85.0,8500,5,3,1961,1961,1235,1,2,TA,2,480,0,1235,98600
RL,Gilbert,73.0,8499,6,5,2006,2007,1412,2,3,Gd,2,432,1,616,156932
RL,SawyerW,64.0,7018,5,5,1979,1979,2240,2,6,TA,2,528,0,0,142953
RL,NoRidge,,13346,7,5,1992,2000,2295,2,4,Gd,2,590,1,1095,268000
RL,CollgCr,48.0,10635,8,5,2003,2003,1668,2,3,Gd,2,502,1,1657,232000
RL,CollgCr,86.0,11210,7,5,2005,2006,1614,2,3,Gd,3,865,0,1614,221500
RM,OldTown,40.0,3880,5,9,1945,1997,866,1,2,Gd,0,0,0,686,110500
RL,CollgCr,91.0,10652,7,5,2006,2007,1494,2,3,Gd,3,840,1,1494,279500
RL,Gilbert,71.0,7795,7,5,2004,2005,1432,2,3,Gd,2,432,1,716,188500
RL,NridgHt,74.0,10927,8,5,2005,2005,1904,2,3,Ex,2,736,1,1058,275000
RL,Edwards,72.0,7200,6,6,1976,1976,1125,1,3,TA,1,352,1,1041,125000
RM,Edwards,35.0,3675,6,5,2005,2006,1072,2,2,TA,2,525,0,547,140000
RL,ClearCr,,10708,5,5,1955,1993,1867,1,2,TA,1,303,3,1617,190000
RH,SWISU,,12155,6,8,1925,1950,1482,2,4,Fa,1,400,0,672,140000
RL,NridgHt,101.0,14215,8,5,2005,2006,2376,3,4,Gd,3,853,1,1158,325300
RL,NAmes,60.0,7200,5,5,1950,1950,1048,1,3,TA,2,420,0,0,98300
RL,NAmes,,13700,7,6,1965,1988,1820,1,4,Gd,2,492,2,864,201800
FV,Somerst,30.0,3180,7,5,2005,2005,1200,2,2,Gd,2,480,0,600,151000
RL,Timber,89.0,13214,9,5,2008,2009,2018,2,3,Ex,3,746,1,2002,378500
RL,Edwards,63.0,13907,5,6,1940,1969,996,1,3,TA,0,0,1,996,108000
RM,CollgCr,37.0,4435,6,5,2003,2003,848,1,1,Gd,2,420,0,848,136500
FV,Somerst,84.0,10207,7,6,2007,2007,1761,3,3,Gd,2,578,0,874,227875
RL,Sawyer,70.0,7420,5,5,1962,1962,1057,1,3,TA,2,576,0,1057,132000
RL,StoneBr,41.0,4923,8,5,2001,2002,1593,1,0,Ex,2,682,1,1593,286000
FV,Somerst,,2651,7,5,2000,2000,1382,2,3,Gd,2,490,0,673,165000
FV,Somerst,59.0,4282,7,5,2004,2004,1391,2,2,Gd,2,530,0,1391,196000
RL,NAmes,75.0,14559,5,7,1951,2000,1363,1,2,TA,1,288,2,1008,164900
RL,CollgCr,70.0,8749,7,5,2002,2002,1459,2,3,Gd,2,527,1,1459,192000
RL,StoneBr,41.0,5330,8,5,2000,2000,1652,2,2,Ex,2,499,0,1494,251000
RL,CollgCr,,10970,6,6,1978,1978,1026,1,3,TA,2,576,0,940,147000
RM,OldTown,65.0,11700,7,7,1880,2003,2640,1,4,Gd,4,864,1,1240,265979
RL,SawyerW,65.0,8366,6,5,2004,2004,1640,2,3,Gd,2,520,0,798,173000
RM,IDOTRR,57.0,7449,7,7,1930,1950,1108,1,3,Gd,1,280,1,637,139400
RM,OldTown,153.0,4118,4,4,1941,1950,693,1,2,Fa,0,0,0,693,52500
RL,BrkSide,,7015,5,4,1950,1950,1203,1,3,Gd,1,352,1,709,110000
RL,Timber,50.0,35133,5,4,1963,1963,1572,1,3,TA,3,995,2,1572,186700
RL,Mitchel,129.0,9196,7,5,2003,2003,1560,2,3,Gd,2,573,0,1560,201000
RH,Crawfor,82.0,7136,6,6,1946,1950,1958,2,4,TA,2,492,0,979,145000
RL,Sawyer,99.0,7094,5,5,1966,1966,894,1,3,TA,1,384,0,894,125000
RL,Blmngtn,43.0,3182,8,5,2004,2005,1269,2,2,Gd,2,430,1,1256,192000
RL,Somerst,91.0,12274,7,5,2008,2008,1428,2,3,Ex,2,554,0,1417,227680
RL,NridgHt,96.0,12444,8,5,2008,2008,1932,2,2,Ex,3,774,1,1932,394617
RL,NridgHt,63.0,8849,9,5,2005,2005,1684,2,2,Ex,2,564,1,1684,266000
RL,StoneBr,47.0,53504,8,5,2003,2003,3279,3,4,Ex,3,841,1,1650,538000
RL,Edwards,67.0,8877,4,6,1938,1958,816,1,2,TA,1,288,1,816,100000
RL,NAmes,88.0,14200,7,6,1966,1966,2157,2,4,Gd,2,487,2,924,226000
RL,CollgCr,70.0,8750,6,5,1998,1998,1682,2,3,Gd,2,523,0,804,200500
RL,Edwards,50.0,9405,5,9,1947,2008,698,1,2,TA,0,0,0,698,118000
RL,Timber,,57200,5,5,1948,1950,1687,1,3,TA,2,572,2,747,160000
FV,Somerst,40.0,3951,6,5,2009,2009,1224,2,2,Gd,2,528,0,612,164500
RL,NAmes,,10624,5,4,1964,1964,1728,2,6,TA,1,352,0,1728,119000
RL,SawyerW,63.0,13072,6,5,2005,2005,1141,1,3,TA,2,484,0,1141,142500
RL,NAmes,85.0,10628,7,5,1970,1970,1277,1,2,TA,2,526,1,1277,167000
RM,IDOTRR,50.0,6060,4,5,1939,1950,1123,1,3,TA,1,264,0,732,100000
RL,NWAmes,80.0,9600,8,5,1981,1981,2524,2,4,Gd,2,542,1,2524,278000
RL,CollgCr,78.0,9317,6,5,2006,2006,1314,2,3,Gd,2,440,1,1314,176432
RL,SWISU,65.0,7804,4,3,1928,1950,1981,2,4,Gd,2,576,2,1122,135000
RL,Edwards,60.0,8172,5,7,1955,1990,864,1,2,TA,2,572,0,864,115000
RL,Crawfor,55.0,7642,7,8,1918,1998,1426,1,3,Gd,1,216,1,912,189950
RL,Blmngtn,53.0,3684,7,5,2007,2007,1555,2,2,Gd,3,660,1,1373,174000
